--
SET @CGUID := 153321; -- creature start guid
SET @GGUID := 83685; -- gameobject start guid

DELETE FROM `command` WHERE `name` IN (
    'worldstate scourgeinvasion show',
    'worldstate scourgeinvasion state',
    'worldstate scourgeinvasion battleswon',
    'worldstate scourgeinvasion startzone'
);

INSERT INTO `command` (`name`, `security`, `help`) VALUES
('worldstate scourgeinvasion show',       3, 'Syntax: .worldstate scourgeinvasion show\nDisplays the current status of the Scourge Invasion.'),
('worldstate scourgeinvasion state',      3, 'Syntax: .worldstate scourgeinvasion state <value>\nSets the Scourge Invasion state.\nValid values:\n0: Disabled\n1: Enabled\n2: Debug'),
('worldstate scourgeinvasion battleswon', 3, 'Syntax: .worldstate scourgeinvasion battleswon <value>\nAdjusts the Scourge Invasion battles won count by <value> (can be negative).'),
('worldstate scourgeinvasion startzone',  3, 'Syntax: .worldstate scourgeinvasion startzone <id>\nStarts a Scourge Invasion event in the zone specified by <id>.\nValid zone IDs: 0-7.');

SET
@scourge_invasion            = 17,
@scourge_boss_in_instance    = 89,
@scourge_winterspring        = 90,
@scourge_tanaris             = 91,
@scourge_azshara             = 92,
@scourge_blasted_lands       = 93,
@scourge_eastern_plaguelands = 94,
@scourge_burning_steppes     = 95,
@scourge_50_invasions_done   = 96,
@scourge_100_invasions_done  = 97,
@scourge_150_invasions_done  = 98,
@scourge_invasions_done      = 99;

DELETE FROM `game_event` WHERE `eventEntry` IN (
    @scourge_boss_in_instance,  @scourge_winterspring, @scourge_tanaris, @scourge_azshara,
    @scourge_blasted_lands,     @scourge_eastern_plaguelands, @scourge_burning_steppes,
    @scourge_50_invasions_done, @scourge_100_invasions_done, @scourge_150_invasions_done, @scourge_invasions_done
);
SET @GAMEEVENT_INTERNAL = 5; -- never handled in GameEventMgr update
INSERT INTO `game_event` (`eventEntry`, `description`, `world_event`) VALUES
(@scourge_boss_in_instance,    'Scourge Invasion - Boss in instance activation', @GAMEEVENT_INTERNAL),
(@scourge_winterspring,        'Scourge Invasion - Attacking Winterspring', @GAMEEVENT_INTERNAL),
(@scourge_tanaris,             'Scourge Invasion - Attacking Tanaris', @GAMEEVENT_INTERNAL),
(@scourge_azshara,             'Scourge Invasion - Attacking Azshara', @GAMEEVENT_INTERNAL),
(@scourge_blasted_lands,       'Scourge Invasion - Attacking Blasted Lands', @GAMEEVENT_INTERNAL),
(@scourge_eastern_plaguelands, 'Scourge Invasion - Attacking Eastern Plaguelands', @GAMEEVENT_INTERNAL),
(@scourge_burning_steppes,     'Scourge Invasion - Attacking Burning Steppes', @GAMEEVENT_INTERNAL),
(@scourge_50_invasions_done,   'Scourge Invasion - 50 Invasions Done', @GAMEEVENT_INTERNAL),
(@scourge_100_invasions_done,  'Scourge Invasion - 100 Invasions Done', @GAMEEVENT_INTERNAL),
(@scourge_150_invasions_done,  'Scourge Invasion - 150 Invasions Done', @GAMEEVENT_INTERNAL),
(@scourge_invasions_done,      'Scourge Invasion - Invasions Done', @GAMEEVENT_INTERNAL);

-- Scourge Invasion - Boss in instance activation
UPDATE `game_event_creature` SET `eventEntry` = @scourge_boss_in_instance WHERE `guid` IN (248653, 248650, 248654, 248651);
-- missing entry for Lord Blackwood 14695 Scholomance
SET @LORD_BLACKWOOD_ENTRY := 14695;
DELETE FROM `creature` WHERE `guid` = @CGUID AND `id1` = @LORD_BLACKWOOD_ENTRY;
INSERT INTO `creature` (`guid`, `id1`, `map`, `spawnMask`, `phaseMask`, `position_x`, `position_y`, `position_z`, `orientation`, `spawntimesecs`, `wander_distance`, `MovementType`, `VerifiedBuild`, `Comment`) VALUES
(@CGUID, @LORD_BLACKWOOD_ENTRY, 289, 1, 1, 200.201, 150.839, 109.879, 5.06145, 604800, 0.0, 2, 0, '');
DELETE FROM `game_event_creature` WHERE `eventEntry` = @scourge_boss_in_instance AND `guid` = @CGUID;
INSERT INTO `game_event_creature` (`eventEntry`, `guid`) VALUES
(@scourge_boss_in_instance, @CGUID);

-- Scourge Invasion - 50 invasions done
-- Pallid Horror and Argent Dawn Paladin
DELETE FROM `creature` WHERE `guid` BETWEEN @CGUID+1 AND @CGUID+7 AND `id1` IN (16395, 16384);
INSERT INTO `creature` (`guid`, `id1`, `map`, `spawnMask`, `phaseMask`, `position_x`, `position_y`, `position_z`, `orientation`, `spawntimesecs`, `wander_distance`, `MovementType`, `VerifiedBuild`, `Comment`) VALUES
(@CGUID+1, 16395, 0, 1, 1, -8834.5302734375, 643.0269775390625, 95.25319671630861, 4.328420162200928, 120, 0.0, 0, 0, ''),
(@CGUID+2, 16395, 0, 1, 1, -4888.240234375, -945.9739990234376, 501.5490112304688, 2.8619101047515874, 120, 0.0, 0, 0, ''),
(@CGUID+3, 16395, 0, 1, 1, 2251.89990234375, -5310.8701171875, 82.25060272216797, 2.3736500740051274, 120, 0.0, 0, 0, ''),
(@CGUID+4, 16395, 1, 1, 1, 9908.9599609375, 2521.10009765625, 1316.47998046875, 0.1221729964017868, 120, 0.0, 0, 0, ''),
(@CGUID+5, 16384, 0, 1, 1, 1584.52001953125, 248.00100708007807, -61.993999481201165, 3.0892300605773926, 120, 0.0, 0, 0, ''),
(@CGUID+6, 16384, 1, 1, 1, -1256.8199462890625, 75.16290283203125, 127.89199829101562, 4.18878984451294, 120, 0.0, 0, 0, ''),
(@CGUID+7, 16384, 1, 1, 1, 1581.3699951171875, -4411.89990234375, 7.435699939727782, 2.478369951248169, 120, 0.0, 0, 0, '');
DELETE FROM `game_event_creature` WHERE `eventEntry` = @scourge_50_invasions_done AND `guid` BETWEEN @CGUID+1 AND @CGUID+7;
INSERT INTO `game_event_creature` (`eventEntry`, `guid`) VALUES
(@scourge_50_invasions_done, @CGUID+1),
(@scourge_50_invasions_done, @CGUID+2),
(@scourge_50_invasions_done, @CGUID+3),
(@scourge_50_invasions_done, @CGUID+4),
(@scourge_50_invasions_done, @CGUID+5),
(@scourge_50_invasions_done, @CGUID+6),
(@scourge_50_invasions_done, @CGUID+7);

-- Scourge Invasion - 100 invasions done
-- Argent Dawn Cleric and Argent Dawn Crusader
DELETE FROM `creature` WHERE `guid` BETWEEN @CGUID+8 AND @CGUID+14 AND `id1` IN (16433, 16435);
INSERT INTO `creature` (`guid`, `id1`, `map`, `spawnMask`, `phaseMask`, `position_x`, `position_y`, `position_z`, `orientation`, `spawntimesecs`, `wander_distance`, `MovementType`, `VerifiedBuild`, `Comment`) VALUES
(@CGUID+8, 16433, 0, 1, 1, -8834.5302734375, 643.0269775390625, 95.25319671630861, 4.328420162200928, 120, 0.0, 0, 0, ''),
(@CGUID+9, 16433, 0, 1, 1, -4888.240234375, -945.9739990234376, 501.5490112304688, 2.8619101047515874, 120, 0.0, 0, 0, ''),
(@CGUID+10, 16433, 0, 1, 1, 2251.89990234375, -5310.8701171875, 82.25060272216797, 2.3736500740051274, 120, 0.0, 0, 0, ''),
(@CGUID+11, 16433, 1, 1, 1, 9908.9599609375, 2521.10009765625, 1316.47998046875, 0.1221729964017868, 120, 0.0, 0, 0, ''),
(@CGUID+12, 16435, 0, 1, 1, 1584.52001953125, 248.00100708007807, -61.993999481201165, 3.0892300605773926, 120, 0.0, 0, 0, ''),
(@CGUID+13, 16435, 1, 1, 1, -1256.8199462890625, 75.16290283203125, 127.89199829101562, 4.18878984451294, 120, 0.0, 0, 0, ''),
(@CGUID+14, 16435, 1, 1, 1, 1581.3699951171875, -4411.89990234375, 7.435699939727782, 2.478369951248169, 120, 0.0, 0, 0, '');
DELETE FROM `game_event_creature` WHERE `eventEntry` = @scourge_100_invasions_done AND `guid` BETWEEN @CGUID+8 AND @CGUID+14;
INSERT INTO `game_event_creature` (`eventEntry`, `guid`) VALUES
(@scourge_100_invasions_done, @CGUID+8),
(@scourge_100_invasions_done, @CGUID+9),
(@scourge_100_invasions_done, @CGUID+10),
(@scourge_100_invasions_done, @CGUID+11),
(@scourge_100_invasions_done, @CGUID+12),
(@scourge_100_invasions_done, @CGUID+13),
(@scourge_100_invasions_done, @CGUID+14);

-- Scourge Invasion - 150 invasions done
-- Argent Dawn Champion and Argent Dawn Priest
DELETE FROM `creature` WHERE `guid` BETWEEN @CGUID+15 AND @CGUID+21 AND `id1` IN (16434, 16436);
INSERT INTO `creature` (`guid`, `id1`, `map`, `spawnMask`, `phaseMask`, `position_x`, `position_y`, `position_z`, `orientation`, `spawntimesecs`, `wander_distance`, `MovementType`, `VerifiedBuild`, `Comment`) VALUES
(@CGUID+15, 16434, 0, 1, 1, -8834.5302734375, 643.0269775390625, 95.25319671630861, 4.328420162200928, 120, 0.0, 0, 0, ''),
(@CGUID+16, 16434, 0, 1, 1, -4888.240234375, -945.9739990234376, 501.5490112304688, 2.8619101047515874, 120, 0.0, 0, 0, ''),
(@CGUID+17, 16434, 0, 1, 1, 2251.89990234375, -5310.8701171875, 82.25060272216797, 2.3736500740051274, 120, 0.0, 0, 0, ''),
(@CGUID+18, 16434, 1, 1, 1, 9908.9599609375, 2521.10009765625, 1316.47998046875, 0.1221729964017868, 120, 0.0, 0, 0, ''),
(@CGUID+19, 16436, 0, 1, 1, 1584.52001953125, 248.00100708007807, -61.993999481201165, 3.0892300605773926, 120, 0.0, 0, 0, ''),
(@CGUID+20, 16436, 1, 1, 1, -1256.8199462890625, 75.16290283203125, 127.89199829101562, 4.18878984451294, 120, 0.0, 0, 0, ''),
(@CGUID+21, 16436, 1, 1, 1, 1581.3699951171875, -4411.89990234375, 7.435699939727782, 2.478369951248169, 120, 0.0, 0, 0, '');
DELETE FROM `game_event_creature` WHERE `eventEntry` = @scourge_150_invasions_done AND `guid` BETWEEN @CGUID+15 AND @CGUID+21;
INSERT INTO `game_event_creature` (`eventEntry`, `guid`) VALUES
(@scourge_150_invasions_done, @CGUID+15),
(@scourge_150_invasions_done, @CGUID+16),
(@scourge_150_invasions_done, @CGUID+17),
(@scourge_150_invasions_done, @CGUID+18),
(@scourge_150_invasions_done, @CGUID+19),
(@scourge_150_invasions_done, @CGUID+20),
(@scourge_150_invasions_done, @CGUID+21);

-- Scourge Invasion - done
-- Argent Outfitter and Argent Quartermaster
DELETE FROM `creature` WHERE `guid` BETWEEN @CGUID+22 AND @CGUID+27 + 5 AND `id1` IN (16787, 16786);
INSERT INTO `creature` (`guid`, `id1`, `map`, `spawnMask`, `phaseMask`, `position_x`, `position_y`, `position_z`, `orientation`, `spawntimesecs`, `wander_distance`, `MovementType`, `VerifiedBuild`, `Comment`) VALUES
(@CGUID+22, 16787, 0, 1, 1, 1585.9599609375, 249.9900054931641, -61.993999481201165, 2.268929958343506, 120, 0.0, 0, 0, ''),
(@CGUID+23, 16787, 1, 1, 1, -1256.719970703125, 76.73930358886719, 128.0489959716797, 4.415679931640625, 120, 0.0, 0, 0, ''),
(@CGUID+24, 16786, 1, 1, 1, 9907.4501953125, 2519.830078125, 1316.4100341796875, 0.1570799946784973, 120, 0.0, 0, 0, ''),
(@CGUID+25, 16786, 0, 1, 1, -8836.5703125, 647.6099853515625, 96.3019027709961, 3.9095399379730233, 120, 0.0, 0, 0, ''),
(@CGUID+26, 16786, 0, 1, 1, -4885.83984375, -945.7949829101561, 501.5469970703125, 2.7222800254821777, 120, 0.0, 0, 0, ''),
(@CGUID+27, 16786, 0, 1, 1, 2253.820068359375, -5310.68017578125, 82.25060272216797, 1.8674999475479128, 120, 0.0, 0, 0, '');
DELETE FROM `game_event_creature` WHERE `eventEntry` = @scourge_invasions_done AND `guid` BETWEEN @CGUID+22 AND @CGUID+27;
INSERT INTO `game_event_creature` (`eventEntry`, `guid`) VALUES
(@scourge_invasions_done, @CGUID+22),
(@scourge_invasions_done, @CGUID+23),
(@scourge_invasions_done, @CGUID+24),
(@scourge_invasions_done, @CGUID+25),
(@scourge_invasions_done, @CGUID+26),
(@scourge_invasions_done, @CGUID+27);

-- Scourge Invasion
-- Skeletal Soldier, Spectral Apparition, Spectral Spirit, Skeletal Trooper
DELETE FROM `creature` WHERE `id1` IN (16422, 16423, 16437, 16438) AND `guid` BETWEEN (@CGUID+28) AND (@CGUID+28)+191;
INSERT INTO `creature` (`guid`, `id1`, `map`, `spawnMask`, `phaseMask`, `position_x`, `position_y`, `position_z`, `orientation`, `spawntimesecs`, `wander_distance`, `MovementType`, `VerifiedBuild`, `Comment`) VALUES
((@CGUID+28)+000, 16422, 0, 1, 1, -9226.01953125, 355.3179931640625, 73.57369995117188, 2.4289000034332275, 120, 3.0, 1, 0, ''),
((@CGUID+28)+001, 16422, 0, 1, 1, -9224.33984375, 255.6779937744141, 72.43949890136719, 5.6263298988342285, 120, 3.0, 1, 0, ''),
((@CGUID+28)+002, 16422, 0, 1, 1, -9222.330078125, 322.4469909667969, 73.44830322265625, 6.019740104675293, 120, 3.0, 1, 0, ''),
((@CGUID+28)+003, 16422, 0, 1, 1, -9214.3603515625, 360.7789916992188, 72.61319732666016, 2.036180019378662, 120, 3.0, 1, 0, ''),
((@CGUID+28)+004, 16422, 0, 1, 1, -9210.9296875, 354.04400634765625, 73.79660034179688, 3.196470022201538, 120, 3.0, 1, 0, ''),
((@CGUID+28)+005, 16422, 0, 1, 1, -9208.83984375, 324.1180114746094, 73.66120147705078, 4.133739948272705, 120, 3.0, 1, 0, ''),
((@CGUID+28)+006, 16422, 0, 1, 1, -9207.4296875, 254.06100463867188, 73.69879913330078, 3.406820058822632, 120, 3.0, 1, 0, ''),
((@CGUID+28)+007, 16422, 0, 1, 1, -9206.3095703125, 426.3630065917969, 89.42220306396483, 0.3605740070343017, 120, 3.0, 1, 0, ''),
((@CGUID+28)+008, 16422, 0, 1, 1, -9188.7998046875, 425.8869934082031, 91.93409729003906, 0.0458393990993499, 120, 3.0, 1, 0, ''),
((@CGUID+28)+009, 16422, 0, 1, 1, -9172.3896484375, 408.5740051269531, 89.66899871826173, 0.600246012210846, 120, 3.0, 1, 0, ''),
((@CGUID+28)+010, 16422, 0, 1, 1, -9156.009765625, 408.66500854492193, 92.17700195312499, 4.8435702323913565, 120, 3.0, 1, 0, ''),
((@CGUID+28)+011, 16422, 0, 1, 1, -9153.509765625, 409.5889892578125, 92.58719635009767, 0.704101026058197, 120, 3.0, 1, 0, ''),
((@CGUID+28)+012, 16422, 0, 1, 1, -9143.33984375, 341.83499145507807, 91.1759033203125, 2.796319961547852, 120, 3.0, 1, 0, ''),
((@CGUID+28)+013, 16422, 0, 1, 1, -9126.509765625, 307.1430053710937, 93.98120117187501, 3.3025600910186768, 120, 3.0, 1, 0, ''),
((@CGUID+28)+014, 16422, 0, 1, 1, -9108.8603515625, 356.6789855957031, 93.55439758300781, 5.856589794158936, 120, 3.0, 1, 0, ''),
((@CGUID+28)+015, 16422, 0, 1, 1, -9108.0302734375, 326.0589904785156, 93.3302993774414, 0.8538269996643066, 120, 3.0, 1, 0, ''),
((@CGUID+28)+016, 16422, 0, 1, 1, -9107.830078125, 343.0790100097656, 93.59700012207033, 1.8682099580764768, 120, 3.0, 1, 0, ''),
((@CGUID+28)+017, 16422, 0, 1, 1, -9095.3896484375, 307.97198486328125, 94.95490264892578, 0.4706409871578216, 120, 3.0, 1, 0, ''),
((@CGUID+28)+018, 16422, 0, 1, 1, -9076.5302734375, 355.6220092773437, 94.0186996459961, 4.855480194091797, 120, 3.0, 1, 0, ''),
((@CGUID+28)+019, 16422, 0, 1, 1, -9074.669921875, 304.95700073242193, 92.77159881591795, 4.812660217285156, 120, 3.0, 1, 0, ''),
((@CGUID+28)+020, 16422, 0, 1, 1, -9074.080078125, 340.36199951171875, 93.15640258789062, 4.056029796600343, 120, 3.0, 1, 0, ''),
((@CGUID+28)+021, 16422, 0, 1, 1, -9066.51953125, 324.9930114746094, 93.45379638671875, 1.6009600162506104, 120, 3.0, 1, 0, ''),
((@CGUID+28)+022, 16422, 0, 1, 1, -9060.7802734375, 341.51901245117193, 93.83329772949219, 5.901340007781982, 120, 3.0, 1, 0, ''),
((@CGUID+28)+023, 16422, 0, 1, 1, 1958.0, 308.1220092773437, 40.49440002441406, 1.5787299871444702, 120, 3.0, 1, 0, ''),
((@CGUID+28)+024, 16422, 0, 1, 1, 1975.6400146484373, 342.8930053710937, 41.4202995300293, 6.10290002822876, 120, 3.0, 1, 0, ''),
((@CGUID+28)+025, 16422, 0, 1, 1, 1977.2199707031248, 324.7349853515625, 39.765800476074226, 6.121500015258789, 120, 3.0, 1, 0, ''),
((@CGUID+28)+026, 16422, 0, 1, 1, 1991.77001953125, 291.62600708007807, 45.72740173339844, 1.4607199430465698, 120, 3.0, 1, 0, ''),
((@CGUID+28)+027, 16422, 0, 1, 1, 2008.1500244140625, 308.2229919433594, 44.56710052490234, 4.242189884185791, 120, 3.0, 1, 0, ''),
((@CGUID+28)+028, 16422, 0, 1, 1, 2009.81005859375, 278.1300048828125, 47.63190078735352, 1.0034600496292114, 120, 3.0, 1, 0, ''),
((@CGUID+28)+029, 16422, 0, 1, 1, 2012.0500488281248, 321.21600341796875, 43.52009963989258, 4.5810298919677725, 120, 3.0, 1, 0, ''),
((@CGUID+28)+030, 16422, 0, 1, 1, 2012.6199951171875, 345.44000244140625, 41.638301849365234, 5.0261101722717285, 120, 3.0, 1, 0, ''),
((@CGUID+28)+031, 16422, 0, 1, 1, 2024.4699707031248, 308.4140014648437, 47.88769912719727, 4.034570217132568, 120, 3.0, 1, 0, ''),
((@CGUID+28)+032, 16422, 0, 1, 1, 2024.47998046875, 291.3500061035156, 50.525001525878906, 1.9263299703598025, 120, 3.0, 1, 0, ''),
((@CGUID+28)+033, 16423, 0, 1, 1, -9241.490234375, 322.718994140625, 74.46710205078125, 5.117849826812744, 120, 3.0, 1, 0, ''),
((@CGUID+28)+034, 16423, 0, 1, 1, -9225.75, 307.1780090332031, 74.4929962158203, 5.674900054931641, 120, 3.0, 1, 0, ''),
((@CGUID+28)+035, 16423, 0, 1, 1, -9225.509765625, 374.5329895019531, 73.25769805908203, 1.8750400543212888, 120, 3.0, 1, 0, ''),
((@CGUID+28)+036, 16423, 0, 1, 1, -9224.330078125, 406.9490051269531, 85.95240020751953, 1.1841200590133667, 120, 3.0, 1, 0, ''),
((@CGUID+28)+037, 16423, 0, 1, 1, -9221.76953125, 339.0369873046875, 73.71610260009767, 3.6314499378204346, 120, 3.0, 1, 0, ''),
((@CGUID+28)+038, 16423, 0, 1, 1, -9219.4404296875, 365.2770080566406, 72.21920013427734, 5.938479900360107, 120, 3.0, 1, 0, ''),
((@CGUID+28)+039, 16423, 0, 1, 1, -9208.7001953125, 307.1369934082031, 74.76110076904298, 5.6549601554870605, 120, 3.0, 1, 0, ''),
((@CGUID+28)+040, 16423, 0, 1, 1, -9207.4599609375, 340.77899169921875, 72.71920013427734, 5.697669982910156, 120, 3.0, 1, 0, ''),
((@CGUID+28)+041, 16423, 0, 1, 1, -9193.4697265625, 356.8190002441406, 74.90540313720702, 4.89093017578125, 120, 3.0, 1, 0, ''),
((@CGUID+28)+042, 16423, 0, 1, 1, -9191.1103515625, 371.74398803710943, 74.43710327148439, 5.74828004837036, 120, 3.0, 1, 0, ''),
((@CGUID+28)+043, 16423, 0, 1, 1, -9173.080078125, 390.7550048828125, 85.52239990234375, 6.20635986328125, 120, 3.0, 1, 0, ''),
((@CGUID+28)+044, 16423, 0, 1, 1, -9128.23046875, 322.4979858398437, 93.55660247802734, 0.998881995677948, 120, 3.0, 1, 0, ''),
((@CGUID+28)+045, 16423, 0, 1, 1, -9126.6201171875, 338.9419860839844, 93.98269653320312, 6.082459926605225, 120, 3.0, 1, 0, ''),
((@CGUID+28)+046, 16423, 0, 1, 1, -9124.919921875, 354.7120056152344, 93.43810272216797, 2.508510112762451, 120, 3.0, 1, 0, ''),
((@CGUID+28)+047, 16423, 0, 1, 1, -9107.0498046875, 307.76901245117193, 94.09049987792967, 1.85794997215271, 120, 3.0, 1, 0, ''),
((@CGUID+28)+048, 16423, 0, 1, 1, -9091.759765625, 341.15399169921875, 94.35479736328125, 4.534840106964111, 120, 3.0, 1, 0, ''),
((@CGUID+28)+049, 16423, 0, 1, 1, -9091.4501953125, 327.67401123046875, 94.24340057373048, 5.324230194091797, 120, 3.0, 1, 0, ''),
((@CGUID+28)+050, 16423, 0, 1, 1, -9058.75, 357.2959899902344, 93.08329772949219, 4.778550148010255, 120, 3.0, 1, 0, ''),
((@CGUID+28)+051, 16423, 0, 1, 1, -9050.0, 341.66598510742193, 94.83329772949219, 2.653019905090332, 120, 3.0, 1, 0, ''),
((@CGUID+28)+052, 16423, 0, 1, 1, -9045.6396484375, 355.1019897460937, 94.33329772949219, 1.321969985961914, 120, 3.0, 1, 0, ''),
((@CGUID+28)+053, 16423, 0, 1, 1, -9045.259765625, 322.6090087890625, 93.52159881591795, 3.4448299407958984, 120, 3.0, 1, 0, ''),
((@CGUID+28)+054, 16423, 0, 1, 1, 1955.6500244140625, 342.0899963378906, 39.400299072265625, 0.779187023639679, 120, 3.0, 1, 0, ''),
((@CGUID+28)+055, 16423, 0, 1, 1, 1958.3599853515625, 324.7919921875, 38.977100372314446, 0.5954350233078003, 120, 3.0, 1, 0, ''),
((@CGUID+28)+056, 16423, 0, 1, 1, 1975.52001953125, 310.34698486328125, 41.015800476074226, 0.6997500061988831, 120, 3.0, 1, 0, ''),
((@CGUID+28)+057, 16423, 0, 1, 1, 1977.68994140625, 290.12399291992193, 41.75820159912109, 3.067239999771118, 120, 3.0, 1, 0, ''),
((@CGUID+28)+058, 16423, 0, 1, 1, 1989.75, 277.58599853515625, 46.49660110473633, 4.394690036773682, 120, 3.0, 1, 0, ''),
((@CGUID+28)+059, 16423, 0, 1, 1, 1989.9200439453125, 347.11199951171875, 39.91510009765625, 0.521888017654419, 120, 3.0, 1, 0, ''),
((@CGUID+28)+060, 16423, 0, 1, 1, 1992.0, 308.21099853515625, 41.813800811767585, 5.51092004776001, 120, 3.0, 1, 0, ''),
((@CGUID+28)+061, 16423, 0, 1, 1, 1997.9499511718752, 299.76998901367193, 44.60810089111328, 0.6927229762077332, 120, 3.0, 1, 0, ''),
((@CGUID+28)+062, 16423, 0, 1, 1, 2001.8800048828125, 329.07598876953125, 40.94969940185547, 5.4882798194885245, 120, 3.0, 1, 0, ''),
((@CGUID+28)+063, 16423, 0, 1, 1, 2010.4899902343752, 289.4169921875, 48.156700134277344, 4.278960227966309, 120, 3.0, 1, 0, ''),
((@CGUID+28)+064, 16423, 0, 1, 1, 2025.3199462890625, 326.2479858398437, 46.44900131225586, 5.627220153808594, 120, 3.0, 1, 0, ''),
((@CGUID+28)+065, 16423, 0, 1, 1, 2040.02001953125, 326.79098510742193, 49.735599517822266, 5.467410087585449, 120, 3.0, 1, 0, ''),
((@CGUID+28)+066, 16437, 0, 1, 1, -5210.27978515625, -574.2849731445312, 401.20999145507807, 1.09142005443573, 120, 3.0, 1, 0, ''),
((@CGUID+28)+067, 16437, 0, 1, 1, -5193.85009765625, -607.4199829101561, 398.4010009765625, 3.075540065765381, 120, 3.0, 1, 0, ''),
((@CGUID+28)+068, 16437, 0, 1, 1, -5193.39013671875, -638.0809936523439, 402.87399291992193, 1.4129300117492676, 120, 3.0, 1, 0, ''),
((@CGUID+28)+069, 16437, 0, 1, 1, -5193.1201171875, -558.6959838867188, 396.1579895019531, 4.626609802246095, 120, 3.0, 1, 0, ''),
((@CGUID+28)+070, 16437, 0, 1, 1, -5192.8701171875, -574.9290161132812, 398.66598510742193, 2.1964199542999268, 120, 3.0, 1, 0, ''),
((@CGUID+28)+071, 16437, 0, 1, 1, -5175.580078125, -625.2940063476561, 396.4339904785156, 5.0248498916625985, 120, 3.0, 1, 0, ''),
((@CGUID+28)+072, 16437, 0, 1, 1, -5170.580078125, -667.4359741210938, 408.42700195312494, 5.217060089111328, 120, 3.0, 1, 0, ''),
((@CGUID+28)+073, 16437, 0, 1, 1, -5159.0498046875, -658.7979736328125, 401.20700073242193, 1.7013599872589111, 120, 3.0, 1, 0, ''),
((@CGUID+28)+074, 16437, 0, 1, 1, -5158.7001953125, -607.2550048828125, 399.50100708007807, 6.261149883270264, 120, 3.0, 1, 0, ''),
((@CGUID+28)+075, 16437, 0, 1, 1, -5156.75, -588.1409912109375, 398.9830017089844, 3.460360050201416, 120, 3.0, 1, 0, ''),
((@CGUID+28)+076, 16437, 0, 1, 1, -5144.27001953125, -622.6500244140625, 396.5249938964844, 5.572440147399902, 120, 3.0, 1, 0, ''),
((@CGUID+28)+077, 16437, 0, 1, 1, -5139.8701171875, -641.9650268554688, 396.4580078125, 0.9849839806556702, 120, 3.0, 1, 0, ''),
((@CGUID+28)+078, 16437, 0, 1, 1, -5127.9501953125, -672.583984375, 408.1480102539063, 3.420989990234375, 120, 3.0, 1, 0, ''),
((@CGUID+28)+079, 16437, 0, 1, 1, -5125.7900390625, -573.4210205078125, 402.43600463867193, 2.7360498905181885, 120, 3.0, 1, 0, ''),
((@CGUID+28)+080, 16437, 0, 1, 1, -5124.47998046875, -608.4509887695312, 398.76998901367193, 3.0762898921966557, 120, 3.0, 1, 0, ''),
((@CGUID+28)+097, 16437, 1, 1, 1, -1578.75, 46.79439926147461, -0.2763040065765381, 2.4532198905944824, 120, 3.0, 1, 0, ''),
((@CGUID+28)+098, 16437, 1, 1, 1, -1576.989990234375, 79.10479736328125, -7.79198980331421, 2.8081099987030034, 120, 3.0, 1, 0, ''),
((@CGUID+28)+099, 16437, 1, 1, 1, -1576.3399658203125, 21.808300018310547, 4.111179828643799, 3.0622301101684566, 120, 3.0, 1, 0, ''),
((@CGUID+28)+100, 16437, 1, 1, 1, -1558.2099609375, 41.72439956665039, 7.006000041961671, 3.7385599613189697, 120, 3.0, 1, 0, ''),
((@CGUID+28)+101, 16437, 1, 1, 1, -1558.0699462890625, -22.85980033874512, 8.725350379943848, 4.14684009552002, 120, 3.0, 1, 0, ''),
((@CGUID+28)+102, 16437, 1, 1, 1, -1544.18994140625, 56.87850189208984, 3.7257900238037114, 0.4862099885940552, 120, 3.0, 1, 0, ''),
((@CGUID+28)+103, 16437, 1, 1, 1, -1543.0699462890625, 89.14630126953125, -1.0218199491500854, 3.754019975662232, 120, 3.0, 1, 0, ''),
((@CGUID+28)+104, 16437, 1, 1, 1, -1542.699951171875, 22.576099395751957, 12.609600067138672, 4.529930114746095, 120, 3.0, 1, 0, ''),
((@CGUID+28)+105, 16437, 1, 1, 1, -1523.3399658203125, 54.29729843139648, 6.268509864807129, 3.977240085601807, 120, 3.0, 1, 0, ''),
((@CGUID+28)+106, 16437, 1, 1, 1, -1522.449951171875, 42.585899353027344, 10.252099990844728, 4.840390205383301, 120, 3.0, 1, 0, ''),
((@CGUID+28)+107, 16437, 1, 1, 1, -1509.1300048828125, 91.32900238037111, 3.2809500694274902, 2.1149001121521, 120, 3.0, 1, 0, ''),
((@CGUID+28)+108, 16437, 1, 1, 1, -1507.260009765625, 75.98739624023439, 6.121329784393311, 1.9977500438690183, 120, 3.0, 1, 0, ''),
((@CGUID+28)+109, 16437, 1, 1, 1, -1491.4100341796875, 58.644798278808594, 12.222000122070312, 1.122599959373474, 120, 3.0, 1, 0, ''),
((@CGUID+28)+110, 16437, 1, 1, 1, -1488.1600341796875, 90.9718017578125, 6.649710178375244, 6.1317901611328125, 120, 3.0, 1, 0, ''),
((@CGUID+28)+111, 16437, 1, 1, 1, -1473.9000244140625, 7.4646902084350595, 26.55279922485352, 6.024469852447511, 120, 3.0, 1, 0, ''),
((@CGUID+28)+112, 16437, 1, 1, 1, 1150.199951171875, -4321.02978515625, 22.707500457763672, 0.8762500286102295, 120, 3.0, 1, 0, ''),
((@CGUID+28)+113, 16437, 1, 1, 1, 1156.3900146484375, -4343.2900390625, 25.801700592041016, 2.9223699569702153, 120, 3.0, 1, 0, ''),
((@CGUID+28)+114, 16437, 1, 1, 1, 1173.8599853515625, -4308.9599609375, 20.815000534057617, 1.9837100505828855, 120, 3.0, 1, 0, ''),
((@CGUID+28)+115, 16437, 1, 1, 1, 1174.699951171875, -4344.56005859375, 25.65290069580078, 5.777379989624023, 120, 3.0, 1, 0, ''),
((@CGUID+28)+116, 16437, 1, 1, 1, 1186.800048828125, -4321.39013671875, 21.457399368286133, 3.2878100872039795, 120, 3.0, 1, 0, ''),
((@CGUID+28)+117, 16437, 1, 1, 1, 1188.68994140625, -4285.91015625, 21.08139991760254, 4.34768009185791, 120, 3.0, 1, 0, ''),
((@CGUID+28)+118, 16437, 1, 1, 1, 1190.489990234375, -4357.669921875, 27.666099548339844, 1.400230050086975, 120, 3.0, 1, 0, ''),
((@CGUID+28)+119, 16437, 1, 1, 1, 1204.719970703125, -4339.25, 25.60810089111328, 5.987750053405762, 120, 3.0, 1, 0, ''),
((@CGUID+28)+120, 16437, 1, 1, 1, 1210.7099609375, -4286.72998046875, 22.70479965209961, 0.5741379857063293, 120, 3.0, 1, 0, ''),
((@CGUID+28)+121, 16437, 1, 1, 1, 1211.4100341796875, -4323.1298828125, 23.34079933166504, 2.018709897994995, 120, 3.0, 1, 0, ''),
((@CGUID+28)+122, 16437, 1, 1, 1, 1218.3299560546875, -4331.81005859375, 24.951499938964844, 5.082369804382324, 120, 3.0, 1, 0, ''),
((@CGUID+28)+123, 16437, 1, 1, 1, 1225.5899658203125, -4324.97021484375, 25.337400436401367, 5.884510040283203, 120, 3.0, 1, 0, ''),
((@CGUID+28)+124, 16437, 1, 1, 1, 1227.2900390625, -4308.43017578125, 25.17620086669922, 0.175819993019104, 120, 3.0, 1, 0, ''),
((@CGUID+28)+125, 16437, 1, 1, 1, 1231.6199951171875, -4348.39013671875, 28.491300582885746, 3.410789966583252, 120, 3.0, 1, 0, ''),
((@CGUID+28)+126, 16437, 1, 1, 1, 1242.3900146484375, -4357.7099609375, 30.62070083618164, 3.8617000579833984, 120, 3.0, 1, 0, ''),
((@CGUID+28)+127, 16437, 1, 1, 1, 1242.56005859375, -4308.2099609375, 28.429000854492188, 4.3110599517822275, 120, 3.0, 1, 0, ''),
((@CGUID+28)+128, 16437, 1, 1, 1, 1258.1099853515625, -4374.1298828125, 28.58799934387207, 3.9619100093841553, 120, 3.0, 1, 0, ''),
((@CGUID+28)+129, 16437, 1, 1, 1, 9872.900390625, 1883.7900390625, 1325.449951171875, 2.091439962387085, 120, 3.0, 1, 0, ''),
((@CGUID+28)+130, 16437, 1, 1, 1, 9872.990234375, 1861.0799560546875, 1319.6700439453125, 2.9127900600433354, 120, 3.0, 1, 0, ''),
((@CGUID+28)+131, 16437, 1, 1, 1, 9892.919921875, 1875.0100097656248, 1320.8599853515625, 0.4526210129261017, 120, 3.0, 1, 0, ''),
((@CGUID+28)+132, 16437, 1, 1, 1, 9908.330078125, 1841.6700439453125, 1319.8399658203125, 0.9608790278434752, 120, 3.0, 1, 0, ''),
((@CGUID+28)+133, 16437, 1, 1, 1, 9908.5302734375, 1891.8399658203125, 1323.8800048828125, 0.3294239938259125, 120, 3.0, 1, 0, ''),
((@CGUID+28)+134, 16437, 1, 1, 1, 9922.26953125, 1908.4200439453125, 1327.5999755859375, 6.220449924468993, 120, 3.0, 1, 0, ''),
((@CGUID+28)+135, 16437, 1, 1, 1, 9925.1396484375, 1820.7099609375, 1324.9100341796875, 4.737100124359131, 120, 3.0, 1, 0, ''),
((@CGUID+28)+136, 16437, 1, 1, 1, 9926.3603515625, 1876.0899658203125, 1324.6099853515625, 5.094250202178955, 120, 3.0, 1, 0, ''),
((@CGUID+28)+137, 16437, 1, 1, 1, 9927.3095703125, 1858.22998046875, 1321.9300537109375, 5.205760002136231, 120, 3.0, 1, 0, ''),
((@CGUID+28)+138, 16437, 1, 1, 1, 9938.650390625, 1955.2900390625, 1336.4200439453125, 2.5429201126098637, 120, 3.0, 1, 0, ''),
((@CGUID+28)+139, 16437, 1, 1, 1, 9939.1103515625, 1924.3800048828125, 1329.6400146484375, 3.78737998008728, 120, 3.0, 1, 0, ''),
((@CGUID+28)+140, 16437, 1, 1, 1, 9940.9296875, 1939.5400390625, 1330.780029296875, 3.9413099288940434, 120, 3.0, 1, 0, ''),
((@CGUID+28)+141, 16437, 1, 1, 1, 9943.2099609375, 1888.1800537109373, 1326.97998046875, 5.128119945526123, 120, 3.0, 1, 0, ''),
((@CGUID+28)+142, 16437, 1, 1, 1, 9954.8095703125, 1943.2099609375, 1328.800048828125, 0.052359901368618, 120, 3.0, 1, 0, ''),
((@CGUID+28)+143, 16437, 1, 1, 1, 9957.4501953125, 1924.7099609375, 1327.550048828125, 3.366309881210327, 120, 3.0, 1, 0, ''),
((@CGUID+28)+081, 16438, 0, 1, 1, -5210.47998046875, -612.7839965820312, 405.8330078125, 3.976219892501831, 120, 3.0, 1, 0, ''),
((@CGUID+28)+082, 16438, 0, 1, 1, -5210.41015625, -609.385986328125, 405.45599365234375, 1.5727499723434448, 120, 3.0, 1, 0, ''),
((@CGUID+28)+083, 16438, 0, 1, 1, -5193.669921875, -589.218994140625, 398.7330017089844, 3.8144800662994394, 120, 3.0, 1, 0, ''),
((@CGUID+28)+084, 16438, 0, 1, 1, -5192.419921875, -625.458984375, 400.0929870605469, 4.047929763793944, 120, 3.0, 1, 0, ''),
((@CGUID+28)+085, 16438, 0, 1, 1, -5191.669921875, -662.5, 414.17700195312494, 5.110229969024657, 120, 3.0, 1, 0, ''),
((@CGUID+28)+086, 16438, 0, 1, 1, -5177.41015625, -590.89501953125, 397.7829895019531, 2.31427001953125, 120, 3.0, 1, 0, ''),
((@CGUID+28)+087, 16438, 0, 1, 1, -5177.3701171875, -551.8660278320312, 398.43600463867193, 5.119919776916504, 120, 3.0, 1, 0, ''),
((@CGUID+28)+088, 16438, 0, 1, 1, -5176.080078125, -646.344970703125, 400.25201416015625, 0.9830049872398376, 120, 3.0, 1, 0, ''),
((@CGUID+28)+089, 16438, 0, 1, 1, -5173.43994140625, -574.8200073242188, 396.75299072265625, 1.1296600103378296, 120, 3.0, 1, 0, ''),
((@CGUID+28)+090, 16438, 0, 1, 1, -5172.56005859375, -607.5050048828125, 397.49398803710943, 4.213819980621338, 120, 3.0, 1, 0, ''),
((@CGUID+28)+091, 16438, 0, 1, 1, -5159.18017578125, -644.219970703125, 396.3460083007813, 5.230800151824951, 120, 3.0, 1, 0, ''),
((@CGUID+28)+092, 16438, 0, 1, 1, -5156.7099609375, -574.0029907226561, 399.1619873046875, 1.8233699798583984, 120, 3.0, 1, 0, ''),
((@CGUID+28)+093, 16438, 0, 1, 1, -5153.8798828125, -621.489013671875, 397.3259887695313, 0.6409969925880432, 120, 3.0, 1, 0, ''),
((@CGUID+28)+094, 16438, 0, 1, 1, -5145.43994140625, -585.31201171875, 399.91598510742193, 1.1138099431991575, 120, 3.0, 1, 0, ''),
((@CGUID+28)+095, 16438, 0, 1, 1, -5144.8701171875, -609.6010131835938, 398.9660034179688, 1.862689971923828, 120, 3.0, 1, 0, ''),
((@CGUID+28)+096, 16438, 0, 1, 1, -5142.009765625, -657.8070068359375, 401.12701416015625, 2.2539899349212646, 120, 3.0, 1, 0, ''),
((@CGUID+28)+144, 16438, 1, 1, 1, -1592.760009765625, 22.43560028076172, 0.0125070000067353, 3.5420300960540767, 120, 3.0, 1, 0, ''),
((@CGUID+28)+145, 16438, 1, 1, 1, -1591.949951171875, 55.83620071411133, -7.80010986328125, 0.8279010057449341, 120, 3.0, 1, 0, ''),
((@CGUID+28)+146, 16438, 1, 1, 1, -1591.9000244140625, 41.98460006713867, -3.431230068206787, 0.6622419953346252, 120, 3.0, 1, 0, ''),
((@CGUID+28)+147, 16438, 1, 1, 1, -1575.93994140625, 59.027099609375, -3.2720301151275635, 2.718159914016724, 120, 3.0, 1, 0, ''),
((@CGUID+28)+148, 16438, 1, 1, 1, -1558.6800537109375, 23.933500289916992, 8.834239959716797, 2.1524500846862797, 120, 3.0, 1, 0, ''),
((@CGUID+28)+149, 16438, 1, 1, 1, -1556.8199462890625, 56.689800262451165, 2.502579927444458, 5.948450088500977, 120, 3.0, 1, 0, ''),
((@CGUID+28)+150, 16438, 1, 1, 1, -1553.3800048828125, 77.70549774169922, -2.747900009155273, 0.2452449947595596, 120, 3.0, 1, 0, ''),
((@CGUID+28)+151, 16438, 1, 1, 1, -1546.3399658203125, 44.589599609375, 7.677690029144286, 3.6026999950408936, 120, 3.0, 1, 0, ''),
((@CGUID+28)+152, 16438, 1, 1, 1, -1541.3199462890625, -22.447799682617188, 13.200499534606934, 5.42588996887207, 120, 3.0, 1, 0, ''),
((@CGUID+28)+153, 16438, 1, 1, 1, -1540.6199951171875, 79.17320251464845, -0.0488023981451988, 4.406089782714844, 120, 3.0, 1, 0, ''),
((@CGUID+28)+154, 16438, 1, 1, 1, -1525.97998046875, 76.68900299072266, 3.2360401153564453, 2.944200038909912, 120, 3.0, 1, 0, ''),
((@CGUID+28)+155, 16438, 1, 1, 1, -1522.5699462890625, 25.06060028076172, 14.540499687194824, 1.5219099521636963, 120, 3.0, 1, 0, ''),
((@CGUID+28)+156, 16438, 1, 1, 1, -1511.18994140625, 44.40719985961913, 10.715299606323242, 3.8851399421691895, 120, 3.0, 1, 0, ''),
((@CGUID+28)+157, 16438, 1, 1, 1, -1507.8499755859375, 58.347801208496094, 8.656530380249022, 1.1307499408721924, 120, 3.0, 1, 0, ''),
((@CGUID+28)+158, 16438, 1, 1, 1, -1486.1099853515625, 78.21330261230469, 9.391329765319824, 6.204919815063477, 120, 3.0, 1, 0, ''),
((@CGUID+28)+159, 16438, 1, 1, 1, 1153.949951171875, -4311.10009765625, 21.206600189208984, 4.59857988357544, 120, 3.0, 1, 0, ''),
((@CGUID+28)+160, 16438, 1, 1, 1, 1173.02001953125, -4326.6298828125, 21.97030067443848, 4.021249771118164, 120, 3.0, 1, 0, ''),
((@CGUID+28)+161, 16438, 1, 1, 1, 1174.9200439453125, -4283.89013671875, 20.75359916687012, 1.8932000398635864, 120, 3.0, 1, 0, ''),
((@CGUID+28)+162, 16438, 1, 1, 1, 1176.260009765625, -4357.64990234375, 26.902999877929688, 0.1437429934740066, 120, 3.0, 1, 0, ''),
((@CGUID+28)+163, 16438, 1, 1, 1, 1187.6300048828125, -4343.8798828125, 25.863800048828125, 0.8155360221862793, 120, 3.0, 1, 0, ''),
((@CGUID+28)+164, 16438, 1, 1, 1, 1190.3800048828125, -4307.77978515625, 21.077699661254883, 3.5779600143432617, 120, 3.0, 1, 0, ''),
((@CGUID+28)+165, 16438, 1, 1, 1, 1209.4000244140625, -4357.4501953125, 27.4606990814209, 3.1636700630187993, 120, 3.0, 1, 0, ''),
((@CGUID+28)+166, 16438, 1, 1, 1, 1209.81005859375, -4311.330078125, 22.944700241088867, 3.5401799678802486, 120, 3.0, 1, 0, ''),
((@CGUID+28)+167, 16438, 1, 1, 1, 1221.8599853515625, -4355.10009765625, 27.3356990814209, 2.3413400650024414, 120, 3.0, 1, 0, ''),
((@CGUID+28)+168, 16438, 1, 1, 1, 1224.18994140625, -4343.22998046875, 26.611499786376957, 3.6879398822784415, 120, 3.0, 1, 0, ''),
((@CGUID+28)+169, 16438, 1, 1, 1, 1224.77001953125, -4287.22021484375, 23.260900497436523, 5.7137699127197275, 120, 3.0, 1, 0, ''),
((@CGUID+28)+170, 16438, 1, 1, 1, 1226.5999755859375, -4372.580078125, 28.628400802612305, 0.2117300033569336, 120, 3.0, 1, 0, ''),
((@CGUID+28)+171, 16438, 1, 1, 1, 1230.6400146484375, -4338.64013671875, 27.77989959716797, 4.264550209045409, 120, 3.0, 1, 0, ''),
((@CGUID+28)+172, 16438, 1, 1, 1, 1239.6800537109375, -4324.43994140625, 29.61289978027344, 6.259749889373779, 120, 3.0, 1, 0, ''),
((@CGUID+28)+173, 16438, 1, 1, 1, 1244.760009765625, -4377.22021484375, 28.045799255371094, 4.490039825439453, 120, 3.0, 1, 0, ''),
((@CGUID+28)+174, 16438, 1, 1, 1, 1245.25, -4385.990234375, 28.420799255371094, 3.2260999679565434, 120, 3.0, 1, 0, ''),
((@CGUID+28)+175, 16438, 1, 1, 1, 9871.48046875, 1870.9499511718752, 1323.4000244140625, 5.743330001831056, 120, 3.0, 1, 0, ''),
((@CGUID+28)+176, 16438, 1, 1, 1, 9890.740234375, 1860.2099609375, 1317.6400146484375, 2.4378199577331543, 120, 3.0, 1, 0, ''),
((@CGUID+28)+177, 16438, 1, 1, 1, 9891.169921875, 1843.8800048828125, 1320.27001953125, 0.6950349807739258, 120, 3.0, 1, 0, ''),
((@CGUID+28)+178, 16438, 1, 1, 1, 9907.849609375, 1873.27001953125, 1320.550048828125, 2.3989200592041016, 120, 3.0, 1, 0, ''),
((@CGUID+28)+179, 16438, 1, 1, 1, 9908.259765625, 1861.27001953125, 1320.2900390625, 1.4393399953842163, 120, 3.0, 1, 0, ''),
((@CGUID+28)+180, 16438, 1, 1, 1, 9920.849609375, 1891.93994140625, 1325.9200439453125, 3.021519899368286, 120, 3.0, 1, 0, ''),
((@CGUID+28)+181, 16438, 1, 1, 1, 9924.2099609375, 1959.2199707031248, 1339.25, 1.3616299629211426, 120, 3.0, 1, 0, ''),
((@CGUID+28)+182, 16438, 1, 1, 1, 9926.3203125, 1941.6600341796875, 1332.72998046875, 1.1098999977111816, 120, 3.0, 1, 0, ''),
((@CGUID+28)+183, 16438, 1, 1, 1, 9926.7197265625, 1839.8599853515625, 1323.4000244140625, 5.225979804992676, 120, 3.0, 1, 0, ''),
((@CGUID+28)+184, 16438, 1, 1, 1, 9940.0595703125, 1874.9200439453125, 1325.510009765625, 3.2135601043701167, 120, 3.0, 1, 0, ''),
((@CGUID+28)+185, 16438, 1, 1, 1, 9942.25, 1858.6300048828125, 1324.18994140625, 3.7084701061248784, 120, 3.0, 1, 0, ''),
((@CGUID+28)+186, 16438, 1, 1, 1, 9957.2900390625, 1906.2600097656248, 1327.010009765625, 2.4801199436187744, 120, 3.0, 1, 0, ''),
((@CGUID+28)+187, 16438, 1, 1, 1, 9959.3798828125, 1873.6999511718752, 1324.7099609375, 2.362489938735962, 120, 3.0, 1, 0, ''),
((@CGUID+28)+188, 16438, 1, 1, 1, 9971.0400390625, 1924.8900146484373, 1327.050048828125, 1.4813400506973269, 120, 3.0, 1, 0, ''),
((@CGUID+28)+189, 16438, 1, 1, 1, 9973.0498046875, 1942.3199462890625, 1327.2099609375, 1.7547399997711182, 120, 3.0, 1, 0, ''),
((@CGUID+28)+190, 16438, 1, 1, 1, 9976.259765625, 1942.5500488281248, 1326.4200439453125, 0.0850052013993263, 120, 3.0, 1, 0, ''),
((@CGUID+28)+191, 16438, 1, 1, 1, 9976.2998046875, 1942.97998046875, 1326.3199462890625, 0.9841989874839784, 120, 3.0, 1, 0, '');
DELETE FROM `game_event_creature` WHERE `eventEntry` = @scourge_invasion AND `guid` BETWEEN (@CGUID+28) AND (@CGUID+28) + 191;
INSERT INTO `game_event_creature` (`eventEntry`, `guid`) VALUES
(@scourge_invasion, (@CGUID+28)+000),
(@scourge_invasion, (@CGUID+28)+001),
(@scourge_invasion, (@CGUID+28)+002),
(@scourge_invasion, (@CGUID+28)+003),
(@scourge_invasion, (@CGUID+28)+004),
(@scourge_invasion, (@CGUID+28)+005),
(@scourge_invasion, (@CGUID+28)+006),
(@scourge_invasion, (@CGUID+28)+007),
(@scourge_invasion, (@CGUID+28)+008),
(@scourge_invasion, (@CGUID+28)+009),
(@scourge_invasion, (@CGUID+28)+010),
(@scourge_invasion, (@CGUID+28)+011),
(@scourge_invasion, (@CGUID+28)+012),
(@scourge_invasion, (@CGUID+28)+013),
(@scourge_invasion, (@CGUID+28)+014),
(@scourge_invasion, (@CGUID+28)+015),
(@scourge_invasion, (@CGUID+28)+016),
(@scourge_invasion, (@CGUID+28)+017),
(@scourge_invasion, (@CGUID+28)+018),
(@scourge_invasion, (@CGUID+28)+019),
(@scourge_invasion, (@CGUID+28)+020),
(@scourge_invasion, (@CGUID+28)+021),
(@scourge_invasion, (@CGUID+28)+022),
(@scourge_invasion, (@CGUID+28)+023),
(@scourge_invasion, (@CGUID+28)+024),
(@scourge_invasion, (@CGUID+28)+025),
(@scourge_invasion, (@CGUID+28)+026),
(@scourge_invasion, (@CGUID+28)+027),
(@scourge_invasion, (@CGUID+28)+028),
(@scourge_invasion, (@CGUID+28)+029),
(@scourge_invasion, (@CGUID+28)+030),
(@scourge_invasion, (@CGUID+28)+031),
(@scourge_invasion, (@CGUID+28)+032),
(@scourge_invasion, (@CGUID+28)+033),
(@scourge_invasion, (@CGUID+28)+034),
(@scourge_invasion, (@CGUID+28)+035),
(@scourge_invasion, (@CGUID+28)+036),
(@scourge_invasion, (@CGUID+28)+037),
(@scourge_invasion, (@CGUID+28)+038),
(@scourge_invasion, (@CGUID+28)+039),
(@scourge_invasion, (@CGUID+28)+040),
(@scourge_invasion, (@CGUID+28)+041),
(@scourge_invasion, (@CGUID+28)+042),
(@scourge_invasion, (@CGUID+28)+043),
(@scourge_invasion, (@CGUID+28)+044),
(@scourge_invasion, (@CGUID+28)+045),
(@scourge_invasion, (@CGUID+28)+046),
(@scourge_invasion, (@CGUID+28)+047),
(@scourge_invasion, (@CGUID+28)+048),
(@scourge_invasion, (@CGUID+28)+049),
(@scourge_invasion, (@CGUID+28)+050),
(@scourge_invasion, (@CGUID+28)+051),
(@scourge_invasion, (@CGUID+28)+052),
(@scourge_invasion, (@CGUID+28)+053),
(@scourge_invasion, (@CGUID+28)+054),
(@scourge_invasion, (@CGUID+28)+055),
(@scourge_invasion, (@CGUID+28)+056),
(@scourge_invasion, (@CGUID+28)+057),
(@scourge_invasion, (@CGUID+28)+058),
(@scourge_invasion, (@CGUID+28)+059),
(@scourge_invasion, (@CGUID+28)+060),
(@scourge_invasion, (@CGUID+28)+061),
(@scourge_invasion, (@CGUID+28)+062),
(@scourge_invasion, (@CGUID+28)+063),
(@scourge_invasion, (@CGUID+28)+064),
(@scourge_invasion, (@CGUID+28)+065),
(@scourge_invasion, (@CGUID+28)+066),
(@scourge_invasion, (@CGUID+28)+067),
(@scourge_invasion, (@CGUID+28)+068),
(@scourge_invasion, (@CGUID+28)+069),
(@scourge_invasion, (@CGUID+28)+070),
(@scourge_invasion, (@CGUID+28)+071),
(@scourge_invasion, (@CGUID+28)+072),
(@scourge_invasion, (@CGUID+28)+073),
(@scourge_invasion, (@CGUID+28)+074),
(@scourge_invasion, (@CGUID+28)+075),
(@scourge_invasion, (@CGUID+28)+076),
(@scourge_invasion, (@CGUID+28)+077),
(@scourge_invasion, (@CGUID+28)+078),
(@scourge_invasion, (@CGUID+28)+079),
(@scourge_invasion, (@CGUID+28)+080),
(@scourge_invasion, (@CGUID+28)+081),
(@scourge_invasion, (@CGUID+28)+082),
(@scourge_invasion, (@CGUID+28)+083),
(@scourge_invasion, (@CGUID+28)+084),
(@scourge_invasion, (@CGUID+28)+085),
(@scourge_invasion, (@CGUID+28)+086),
(@scourge_invasion, (@CGUID+28)+087),
(@scourge_invasion, (@CGUID+28)+088),
(@scourge_invasion, (@CGUID+28)+089),
(@scourge_invasion, (@CGUID+28)+090),
(@scourge_invasion, (@CGUID+28)+091),
(@scourge_invasion, (@CGUID+28)+092),
(@scourge_invasion, (@CGUID+28)+093),
(@scourge_invasion, (@CGUID+28)+094),
(@scourge_invasion, (@CGUID+28)+095),
(@scourge_invasion, (@CGUID+28)+096),
(@scourge_invasion, (@CGUID+28)+097),
(@scourge_invasion, (@CGUID+28)+098),
(@scourge_invasion, (@CGUID+28)+099),
(@scourge_invasion, (@CGUID+28)+100),
(@scourge_invasion, (@CGUID+28)+101),
(@scourge_invasion, (@CGUID+28)+102),
(@scourge_invasion, (@CGUID+28)+103),
(@scourge_invasion, (@CGUID+28)+104),
(@scourge_invasion, (@CGUID+28)+105),
(@scourge_invasion, (@CGUID+28)+106),
(@scourge_invasion, (@CGUID+28)+107),
(@scourge_invasion, (@CGUID+28)+108),
(@scourge_invasion, (@CGUID+28)+109),
(@scourge_invasion, (@CGUID+28)+110),
(@scourge_invasion, (@CGUID+28)+111),
(@scourge_invasion, (@CGUID+28)+112),
(@scourge_invasion, (@CGUID+28)+113),
(@scourge_invasion, (@CGUID+28)+114),
(@scourge_invasion, (@CGUID+28)+115),
(@scourge_invasion, (@CGUID+28)+116),
(@scourge_invasion, (@CGUID+28)+117),
(@scourge_invasion, (@CGUID+28)+118),
(@scourge_invasion, (@CGUID+28)+119),
(@scourge_invasion, (@CGUID+28)+120),
(@scourge_invasion, (@CGUID+28)+121),
(@scourge_invasion, (@CGUID+28)+122),
(@scourge_invasion, (@CGUID+28)+123),
(@scourge_invasion, (@CGUID+28)+124),
(@scourge_invasion, (@CGUID+28)+125),
(@scourge_invasion, (@CGUID+28)+126),
(@scourge_invasion, (@CGUID+28)+127),
(@scourge_invasion, (@CGUID+28)+128),
(@scourge_invasion, (@CGUID+28)+129),
(@scourge_invasion, (@CGUID+28)+130),
(@scourge_invasion, (@CGUID+28)+131),
(@scourge_invasion, (@CGUID+28)+132),
(@scourge_invasion, (@CGUID+28)+133),
(@scourge_invasion, (@CGUID+28)+134),
(@scourge_invasion, (@CGUID+28)+135),
(@scourge_invasion, (@CGUID+28)+136),
(@scourge_invasion, (@CGUID+28)+137),
(@scourge_invasion, (@CGUID+28)+138),
(@scourge_invasion, (@CGUID+28)+139),
(@scourge_invasion, (@CGUID+28)+140),
(@scourge_invasion, (@CGUID+28)+141),
(@scourge_invasion, (@CGUID+28)+142),
(@scourge_invasion, (@CGUID+28)+143),
(@scourge_invasion, (@CGUID+28)+144),
(@scourge_invasion, (@CGUID+28)+145),
(@scourge_invasion, (@CGUID+28)+146),
(@scourge_invasion, (@CGUID+28)+147),
(@scourge_invasion, (@CGUID+28)+148),
(@scourge_invasion, (@CGUID+28)+149),
(@scourge_invasion, (@CGUID+28)+150),
(@scourge_invasion, (@CGUID+28)+151),
(@scourge_invasion, (@CGUID+28)+152),
(@scourge_invasion, (@CGUID+28)+153),
(@scourge_invasion, (@CGUID+28)+154),
(@scourge_invasion, (@CGUID+28)+155),
(@scourge_invasion, (@CGUID+28)+156),
(@scourge_invasion, (@CGUID+28)+157),
(@scourge_invasion, (@CGUID+28)+158),
(@scourge_invasion, (@CGUID+28)+159),
(@scourge_invasion, (@CGUID+28)+160),
(@scourge_invasion, (@CGUID+28)+161),
(@scourge_invasion, (@CGUID+28)+162),
(@scourge_invasion, (@CGUID+28)+163),
(@scourge_invasion, (@CGUID+28)+164),
(@scourge_invasion, (@CGUID+28)+165),
(@scourge_invasion, (@CGUID+28)+166),
(@scourge_invasion, (@CGUID+28)+167),
(@scourge_invasion, (@CGUID+28)+168),
(@scourge_invasion, (@CGUID+28)+169),
(@scourge_invasion, (@CGUID+28)+170),
(@scourge_invasion, (@CGUID+28)+171),
(@scourge_invasion, (@CGUID+28)+172),
(@scourge_invasion, (@CGUID+28)+173),
(@scourge_invasion, (@CGUID+28)+174),
(@scourge_invasion, (@CGUID+28)+175),
(@scourge_invasion, (@CGUID+28)+176),
(@scourge_invasion, (@CGUID+28)+177),
(@scourge_invasion, (@CGUID+28)+178),
(@scourge_invasion, (@CGUID+28)+179),
(@scourge_invasion, (@CGUID+28)+180),
(@scourge_invasion, (@CGUID+28)+181),
(@scourge_invasion, (@CGUID+28)+182),
(@scourge_invasion, (@CGUID+28)+183),
(@scourge_invasion, (@CGUID+28)+184),
(@scourge_invasion, (@CGUID+28)+185),
(@scourge_invasion, (@CGUID+28)+186),
(@scourge_invasion, (@CGUID+28)+187),
(@scourge_invasion, (@CGUID+28)+188),
(@scourge_invasion, (@CGUID+28)+189),
(@scourge_invasion, (@CGUID+28)+190),
(@scourge_invasion, (@CGUID+28)+191);
-- Herald of the Lich King
DELETE FROM `creature` WHERE `guid` BETWEEN (@CGUID+28) + 192 AND (@CGUID+28) + 197 AND `id1` = 16995;
INSERT INTO `creature` (`guid`, `id1`, `map`, `spawnMask`, `phaseMask`, `position_x`, `position_y`, `position_z`, `orientation`, `spawntimesecs`, `wander_distance`, `MovementType`, `VerifiedBuild`, `Comment`) VALUES
((@CGUID+28)+192, 16995, 0, 1, 1, -4978.740234375, -886.3259887695312, 501.71899414062494, 4.1189799308776855, 120, 0.0, 0, 0, ''),
((@CGUID+28)+193, 16995, 0, 1, 1, 1805.5999755859373, 238.5039978027344, 62.83700180053711, 4.415679931640625, 120, 0.0, 0, 0, ''),
((@CGUID+28)+194, 16995, 0, 1, 1, -8955.740234375, 570.614990234375, 93.87799835205078, 0.0872664973139762, 120, 0.0, 0, 0, ''),
((@CGUID+28)+195, 16995, 1, 1, 1, 1488.3900146484375, -4415.52978515625, 23.7460994720459, 5.061450004577637, 120, 0.0, 0, 0, ''),
((@CGUID+28)+196, 16995, 1, 1, 1, -1300.3399658203125, 173.2779998779297, 68.63510131835938, 4.18878984451294, 120, 0.0, 0, 0, ''),
((@CGUID+28)+197, 16995, 1, 1, 1, 9952.8798828125, 2246.56005859375, 1334.5, 4.24114990234375, 120, 0.0, 0, 0, '');
DELETE FROM `game_event_creature` WHERE `eventEntry` = @scourge_invasion AND `guid` BETWEEN (@CGUID+28) + 192 AND (@CGUID+28) + 197;
INSERT INTO `game_event_creature` (`eventEntry`, `guid`) VALUES
(@scourge_invasion, (@CGUID+28)+192),
(@scourge_invasion, (@CGUID+28)+193),
(@scourge_invasion, (@CGUID+28)+194),
(@scourge_invasion, (@CGUID+28)+195),
(@scourge_invasion, (@CGUID+28)+196),
(@scourge_invasion, (@CGUID+28)+197);

-- Gameobjects
-- Circle
DELETE FROM `gameobject` WHERE `guid` BETWEEN @GGUID AND @GGUID + 12 AND `id` = 181227;
INSERT INTO `gameobject` (`guid`, `id`, `map`, `spawnMask`, `phaseMask`, `position_x`, `position_y`, `position_z`, `orientation`, `rotation0`, `rotation1`, `rotation2`, `rotation3`, `spawntimesecs`, `VerifiedBuild`, `Comment`) VALUES
(@GGUID+00, 181227, 1, 1, 1, 9948.01953125, 1932.3900146484373, 1328.68994140625, 3.682650089263916, 0.0, 0.0, -0.9636300206184388, 0.2672410011291504, 120, 0, ''),
(@GGUID+01, 181227, 1, 1, 1, 9914.1796875, 1864.6600341796875, 1321.260009765625, 2.9146900177001958, 0.0, 0.0, 0.9935709834098816, 0.1132080033421516, 120, 0, ''),
(@GGUID+02, 181227, 1, 1, 1, -1545.469970703125, 51.2859001159668, 5.394120216369629, 0.6283169984817505, 0.0, 0.0, 0.3090159893035888, 0.9510570168495178, 120, 0, ''),
(@GGUID+03, 181227, 0, 1, 1, 1980.0100097656248, 305.23098754882807, 41.189300537109375, 0.4363319873809814, 0.0, 0.0, 0.2164389938116073, 0.9762960076332092, 120, 0, ''),
(@GGUID+04, 181227, 1, 1, 1, 1217.81005859375, -4339.419921875, 25.92490005493164, 4.0142598152160645, 0.0, 0.0, -0.9063069820404052, 0.4226189851760864, 120, 0, ''),
(@GGUID+05, 181227, 1, 1, 1, 1169.6199951171875, -4320.02978515625, 20.873899459838867, 0.5759570002555847, 0.0, 0.0, 0.2840149998664856, 0.9588199853897096, 120, 0, ''),
(@GGUID+06, 181227, 0, 1, 1, -9061.4599609375, 349.66598510742193, 93.10980224609376, 4.572760105133057, 0.0, 0.0, -0.754709005355835, 0.6560590267181396, 120, 0, ''),
(@GGUID+07, 181227, 0, 1, 1, -5175.25, -588.093017578125, 397.9840087890625, 2.5132699012756348, 0.0, 0.0, 0.9510560035705566, 0.30901700258255, 120, 0, ''),
(@GGUID+08, 181227, 0, 1, 1, -9218.099609375, 318.7850036621094, 73.86499786376953, 3.0194098949432373, 0.0, 0.0, 0.998134970664978, 0.0610518008470535, 120, 0, ''),
(@GGUID+09, 181227, 0, 1, 1, -5163.2001953125, -645.8519897460938, 396.9920043945313, 0.0523588992655277, 0.0, 0.0, 0.0261764992028474, 0.9996569752693176, 120, 0, ''),
(@GGUID+10, 181227, 0, 1, 1, -9118.919921875, 330.1000061035156, 93.19799804687501, 3.001950025558472, 0.0, 0.0, 0.9975630044937134, 0.0697660967707634, 120, 0, ''),
(@GGUID+11, 181227, 0, 1, 1, -9183.830078125, 416.18798828125, 89.91230010986328, 0.4014250040054321, 0.0, 0.0, 0.1993670016527176, 0.979924976825714, 120, 0, '');
DELETE FROM `game_event_gameobject` WHERE `eventEntry` = @scourge_invasion AND `guid` BETWEEN @GGUID AND @GGUID + 11;
INSERT INTO `game_event_gameobject` (`eventEntry`, `guid`) VALUES
(@scourge_invasion, @GGUID+00),
(@scourge_invasion, @GGUID+01),
(@scourge_invasion, @GGUID+02),
(@scourge_invasion, @GGUID+03),
(@scourge_invasion, @GGUID+04),
(@scourge_invasion, @GGUID+05),
(@scourge_invasion, @GGUID+06),
(@scourge_invasion, @GGUID+07),
(@scourge_invasion, @GGUID+08),
(@scourge_invasion, @GGUID+09),
(@scourge_invasion, @GGUID+10),
(@scourge_invasion, @GGUID+11);

-- Invasion Zones: Winterspring
-- Winterspring
DELETE FROM `creature` WHERE `guid` BETWEEN (@CGUID+226) AND (@CGUID+226) + 245 AND `id1` IN (16356, 16386, 16421, 16398, 16401);
INSERT INTO `creature` (`guid`, `id1`, `map`, `spawnMask`, `phaseMask`, `position_x`, `position_y`, `position_z`, `orientation`, `spawntimesecs`, `wander_distance`, `MovementType`, `VerifiedBuild`, `Comment`) VALUES
((@CGUID+226)+000, 16356, 1, 1, 1, 7803.919921875, -4223.3798828125, 676.9760131835938, 2.007129907608032, 120, 0.0, 0, 0, ''),
((@CGUID+226)+001, 16356, 1, 1, 1, 7692.209960937501, -3843.7700195312495, 688.6060180664062, 4.468039989471436, 120, 0.0, 0, 0, ''),
((@CGUID+226)+002, 16356, 1, 1, 1, 7688.040039062499, -3897.7299804687505, 694.2760009765625, 0.5061450004577637, 120, 0.0, 0, 0, ''),
((@CGUID+226)+003, 16356, 1, 1, 1, 7682.709960937501, -3885.570068359375, 687.5029907226561, 0.7155849933624268, 120, 0.0, 0, 0, ''),
((@CGUID+226)+004, 16356, 1, 1, 1, 7680.040039062499, -3872.5200195312495, 686.0969848632812, 5.6374101638793945, 120, 0.0, 0, 0, ''),
((@CGUID+226)+005, 16356, 1, 1, 1, 7678.66015625, -3914.820068359375, 692.927001953125, 5.811950206756592, 120, 0.0, 0, 0, ''),
((@CGUID+226)+006, 16356, 1, 1, 1, 7677.0, -3857.6499023437505, 685.72802734375, 5.5326900482177725, 120, 0.0, 0, 0, ''),
((@CGUID+226)+007, 16356, 1, 1, 1, 7667.129882812499, -3911.8500976562495, 689.3099975585938, 3.141590118408203, 120, 0.0, 0, 0, ''),
((@CGUID+226)+008, 16356, 1, 1, 1, 7652.64013671875, -3903.159912109375, 686.68701171875, 1.099560022354126, 120, 0.0, 0, 0, ''),
((@CGUID+226)+009, 16356, 1, 1, 1, 6809.509765625, -3588.18994140625, 715.3670043945312, 2.2340199947357178, 120, 0.0, 0, 0, ''),
((@CGUID+226)+010, 16356, 1, 1, 1, 6803.27978515625, -3609.969970703125, 724.0750122070312, 3.141590118408203, 120, 0.0, 0, 0, ''),
((@CGUID+226)+011, 16356, 1, 1, 1, 7692.97021484375, -3869.8999023437505, 686.8280029296875, 1.8674999475479128, 120, 0.0, 0, 0, ''),
((@CGUID+226)+012, 16356, 1, 1, 1, 7693.950195312499, -3855.7700195312495, 687.2620239257812, 4.049170017242432, 120, 0.0, 0, 0, ''),
((@CGUID+226)+013, 16356, 1, 1, 1, 7795.83984375, -4235.5498046875, 680.3099975585938, 3.26377010345459, 120, 0.0, 0, 0, ''),
((@CGUID+226)+014, 16356, 1, 1, 1, 7795.27001953125, -4208.93017578125, 676.93701171875, 6.24828004837036, 120, 0.0, 0, 0, ''),
((@CGUID+226)+015, 16356, 1, 1, 1, 7795.14990234375, -4252.16015625, 684.1270141601561, 4.066619873046875, 120, 0.0, 0, 0, ''),
((@CGUID+226)+016, 16356, 1, 1, 1, 7789.240234375, -4224.77001953125, 678.4039916992188, 2.809969902038574, 120, 0.0, 0, 0, ''),
((@CGUID+226)+017, 16356, 1, 1, 1, 7788.18994140625, -4196.169921875, 678.9400024414062, 1.3788100481033323, 120, 0.0, 0, 0, ''),
((@CGUID+226)+018, 16356, 1, 1, 1, 7722.490234375, -3863.909912109375, 692.281982421875, 4.206250190734863, 120, 0.0, 0, 0, ''),
((@CGUID+226)+019, 16356, 1, 1, 1, 7709.27978515625, -3870.5600585937505, 688.7260131835938, 1.9547699689865112, 120, 0.0, 0, 0, ''),
((@CGUID+226)+020, 16356, 1, 1, 1, 7707.080078125, -3889.2299804687505, 688.6480102539062, 4.049170017242432, 120, 0.0, 0, 0, ''),
((@CGUID+226)+021, 16356, 1, 1, 1, 7706.35009765625, -3854.830078125, 690.1430053710938, 3.26377010345459, 120, 0.0, 0, 0, ''),
((@CGUID+226)+022, 16356, 1, 1, 1, 7696.08984375, -3920.7700195312495, 696.9340209960938, 4.031710147857666, 120, 0.0, 0, 0, ''),
((@CGUID+226)+023, 16356, 1, 1, 1, 6798.580078125, -3567.6298828125, 707.9920043945312, 4.468039989471436, 120, 0.0, 0, 0, ''),
((@CGUID+226)+024, 16356, 1, 1, 1, 6798.4599609375, -3596.050048828125, 715.9509887695312, 2.007129907608032, 120, 0.0, 0, 0, ''),
((@CGUID+226)+025, 16356, 1, 1, 1, 6795.10009765625, -3623.550048828125, 723.572998046875, 6.24828004837036, 120, 0.0, 0, 0, ''),
((@CGUID+226)+026, 16356, 1, 1, 1, 6767.89990234375, -3597.280029296875, 715.5260009765625, 1.8674999475479128, 120, 0.0, 0, 0, ''),
((@CGUID+226)+027, 16356, 1, 1, 1, 6765.77978515625, -3312.030029296875, 670.0130004882812, 4.031710147857666, 120, 0.0, 0, 0, ''),
((@CGUID+226)+028, 16356, 1, 1, 1, 6761.72998046875, -3369.840087890625, 680.4710083007812, 2.2340199947357178, 120, 0.0, 0, 0, ''),
((@CGUID+226)+029, 16356, 1, 1, 1, 6759.5400390625, -3586.780029296875, 711.3800048828125, 1.3788100481033323, 120, 0.0, 0, 0, ''),
((@CGUID+226)+030, 16356, 1, 1, 1, 6758.0400390625, -3387.27001953125, 681.8209838867188, 1.3788100481033323, 120, 0.0, 0, 0, ''),
((@CGUID+226)+031, 16356, 1, 1, 1, 6757.1201171875, -3329.68994140625, 679.0079956054688, 5.4977898597717285, 120, 0.0, 0, 0, ''),
((@CGUID+226)+032, 16356, 1, 1, 1, 6755.89013671875, -3355.3798828125, 684.1950073242188, 5.6374101638793945, 120, 0.0, 0, 0, ''),
((@CGUID+226)+033, 16356, 1, 1, 1, 6755.18017578125, -3542.830078125, 695.2730102539062, 1.099560022354126, 120, 0.0, 0, 0, ''),
((@CGUID+226)+034, 16356, 1, 1, 1, 6751.60009765625, -3343.6298828125, 685.3619995117188, 1.8674999475479128, 120, 0.0, 0, 0, ''),
((@CGUID+226)+035, 16356, 1, 1, 1, 6750.93017578125, -3596.030029296875, 712.4660034179688, 5.5326900482177725, 120, 0.0, 0, 0, ''),
((@CGUID+226)+036, 16356, 1, 1, 1, 6768.14013671875, -3343.8798828125, 679.0260009765625, 1.85004997253418, 120, 0.0, 0, 0, ''),
((@CGUID+226)+037, 16356, 1, 1, 1, 6768.47998046875, -3608.159912109375, 718.7269897460938, 4.468039989471436, 120, 0.0, 0, 0, ''),
((@CGUID+226)+038, 16356, 1, 1, 1, 6793.58984375, -3582.590087890625, 711.239990234375, 5.811950206756592, 120, 0.0, 0, 0, ''),
((@CGUID+226)+039, 16356, 1, 1, 1, 6792.81982421875, -3333.72998046875, 672.68798828125, 5.811950206756592, 120, 0.0, 0, 0, ''),
((@CGUID+226)+040, 16356, 1, 1, 1, 6781.7900390625, -3605.280029296875, 718.2119750976561, 0.7155849933624268, 120, 0.0, 0, 0, ''),
((@CGUID+226)+041, 16356, 1, 1, 1, 6781.77978515625, -3572.199951171875, 707.9450073242188, 5.201079845428467, 120, 0.0, 0, 0, ''),
((@CGUID+226)+042, 16356, 1, 1, 1, 6780.60986328125, -3388.830078125, 670.426025390625, 4.468039989471436, 120, 0.0, 0, 0, ''),
((@CGUID+226)+043, 16356, 1, 1, 1, 6776.83984375, -3327.47998046875, 675.2830200195312, 4.468039989471436, 120, 0.0, 0, 0, ''),
((@CGUID+226)+044, 16356, 1, 1, 1, 6773.43017578125, -3359.75, 674.8560180664062, 0.2268929928541183, 120, 0.0, 0, 0, ''),
((@CGUID+226)+045, 16356, 1, 1, 1, 6770.58984375, -3539.919921875, 696.3280029296875, 2.809969902038574, 120, 0.0, 0, 0, ''),
((@CGUID+226)+046, 16356, 1, 1, 1, 6768.669921875, -3576.219970703125, 709.9110107421875, 5.6374101638793945, 120, 0.0, 0, 0, ''),
((@CGUID+226)+047, 16356, 1, 1, 1, 6768.6298828125, -3558.320068359375, 703.155029296875, 4.049170017242432, 120, 0.0, 0, 0, ''),
((@CGUID+226)+048, 16356, 1, 1, 1, 6748.6298828125, -3577.60009765625, 706.9110107421875, 1.9547699689865112, 120, 0.0, 0, 0, ''),
((@CGUID+226)+049, 16356, 1, 1, 1, 7806.18994140625, -4247.14990234375, 682.155029296875, 5.4977898597717285, 120, 0.0, 0, 0, ''),
((@CGUID+226)+050, 16356, 1, 1, 1, 7965.540039062499, -3861.219970703125, 694.93701171875, 1.85004997253418, 120, 0.0, 0, 0, ''),
((@CGUID+226)+051, 16356, 1, 1, 1, 7945.120117187501, -3861.8701171875, 695.3720092773439, 1.8674999475479128, 120, 0.0, 0, 0, ''),
((@CGUID+226)+052, 16356, 1, 1, 1, 7943.790039062499, -3893.780029296875, 694.0709838867188, 2.2340199947357178, 120, 0.0, 0, 0, ''),
((@CGUID+226)+053, 16356, 1, 1, 1, 7941.25, -3838.6499023437505, 695.4500122070312, 0.2268929928541183, 120, 0.0, 0, 0, ''),
((@CGUID+226)+054, 16356, 1, 1, 1, 7939.43994140625, -3824.6201171875, 694.2760009765625, 3.141590118408203, 120, 0.0, 0, 0, ''),
((@CGUID+226)+055, 16356, 1, 1, 1, 7937.52001953125, -3907.760009765625, 691.8369750976561, 2.809969902038574, 120, 0.0, 0, 0, ''),
((@CGUID+226)+056, 16356, 1, 1, 1, 7936.22021484375, -3851.070068359375, 695.7899780273439, 4.049170017242432, 120, 0.0, 0, 0, ''),
((@CGUID+226)+057, 16356, 1, 1, 1, 7933.959960937501, -3880.199951171875, 695.510986328125, 5.201079845428467, 120, 0.0, 0, 0, ''),
((@CGUID+226)+058, 16356, 1, 1, 1, 7930.049804687501, -3865.679931640625, 696.0469970703125, 5.6374101638793945, 120, 0.0, 0, 0, ''),
((@CGUID+226)+059, 16356, 1, 1, 1, 7928.040039062499, -3895.800048828125, 693.9359741210938, 6.24828004837036, 120, 0.0, 0, 0, ''),
((@CGUID+226)+060, 16356, 1, 1, 1, 7927.97021484375, -3839.860107421875, 697.5469970703125, 4.468039989471436, 120, 0.0, 0, 0, ''),
((@CGUID+226)+061, 16356, 1, 1, 1, 7947.64013671875, -3849.300048828125, 695.2789916992188, 5.5326900482177725, 120, 0.0, 0, 0, ''),
((@CGUID+226)+062, 16356, 1, 1, 1, 7949.89990234375, -3877.030029296875, 694.9520263671875, 0.7155849933624268, 120, 0.0, 0, 0, ''),
((@CGUID+226)+063, 16356, 1, 1, 1, 7965.35986328125, -3899.1899414062495, 690.5910034179688, 4.206250190734863, 120, 0.0, 0, 0, ''),
((@CGUID+226)+064, 16356, 1, 1, 1, 7963.27978515625, -3831.760009765625, 695.1480102539062, 3.0368399620056152, 120, 0.0, 0, 0, ''),
((@CGUID+226)+065, 16356, 1, 1, 1, 7962.0, -3877.5600585937505, 694.3920288085938, 1.8849500417709353, 120, 0.0, 0, 0, ''),
((@CGUID+226)+066, 16356, 1, 1, 1, 7959.240234375, -3852.639892578125, 695.2119750976561, 1.099560022354126, 120, 0.0, 0, 0, ''),
((@CGUID+226)+067, 16356, 1, 1, 1, 7957.85009765625, -3866.199951171875, 695.3070068359375, 4.049170017242432, 120, 0.0, 0, 0, ''),
((@CGUID+226)+068, 16356, 1, 1, 1, 7957.60009765625, -3842.409912109375, 695.5230102539062, 4.468039989471436, 120, 0.0, 0, 0, ''),
((@CGUID+226)+069, 16356, 1, 1, 1, 7956.16015625, -3890.510009765625, 692.989013671875, 0.5061450004577637, 120, 0.0, 0, 0, ''),
((@CGUID+226)+070, 16356, 1, 1, 1, 7956.120117187501, -3823.110107421875, 694.1510009765625, 4.031710147857666, 120, 0.0, 0, 0, ''),
((@CGUID+226)+071, 16356, 1, 1, 1, 7954.25, -3903.530029296875, 692.4320068359375, 4.066619873046875, 120, 0.0, 0, 0, ''),
((@CGUID+226)+072, 16356, 1, 1, 1, 7951.06982421875, -3833.489990234375, 694.8150024414062, 5.811950206756592, 120, 0.0, 0, 0, ''),
((@CGUID+226)+073, 16356, 1, 1, 1, 7919.759765625, -3859.639892578125, 697.6699829101561, 1.9547699689865112, 120, 0.0, 0, 0, ''),
((@CGUID+226)+074, 16356, 1, 1, 1, 7919.68994140625, -3876.010009765625, 695.8809814453125, 2.007129907608032, 120, 0.0, 0, 0, ''),
((@CGUID+226)+075, 16356, 1, 1, 1, 7911.52978515625, -3892.199951171875, 694.1129760742188, 3.26377010345459, 120, 0.0, 0, 0, ''),
((@CGUID+226)+076, 16356, 1, 1, 1, 7828.06982421875, -4212.5, 675.2839965820312, 5.201079845428467, 120, 0.0, 0, 0, ''),
((@CGUID+226)+077, 16356, 1, 1, 1, 7824.580078125, -4198.72998046875, 676.4400024414062, 4.049170017242432, 120, 0.0, 0, 0, ''),
((@CGUID+226)+078, 16356, 1, 1, 1, 7823.870117187501, -4236.39013671875, 680.8510131835938, 2.2340199947357178, 120, 0.0, 0, 0, ''),
((@CGUID+226)+079, 16356, 1, 1, 1, 7823.81005859375, -4183.97998046875, 678.2869873046875, 3.141590118408203, 120, 0.0, 0, 0, ''),
((@CGUID+226)+080, 16356, 1, 1, 1, 7819.68994140625, -4253.89990234375, 683.8770141601561, 1.85004997253418, 120, 0.0, 0, 0, ''),
((@CGUID+226)+081, 16356, 1, 1, 1, 7819.459960937501, -4228.16015625, 678.0390014648439, 1.8674999475479128, 120, 0.0, 0, 0, ''),
((@CGUID+226)+082, 16356, 1, 1, 1, 7814.379882812499, -4215.35986328125, 675.2349853515625, 5.6374101638793945, 120, 0.0, 0, 0, ''),
((@CGUID+226)+083, 16356, 1, 1, 1, 7810.56982421875, -4187.35986328125, 679.447998046875, 4.468039989471436, 120, 0.0, 0, 0, ''),
((@CGUID+226)+084, 16356, 1, 1, 1, 7808.60986328125, -4236.6201171875, 680.3460083007812, 1.9547699689865112, 120, 0.0, 0, 0, ''),
((@CGUID+226)+085, 16356, 1, 1, 1, 7807.68017578125, -4200.72998046875, 676.6439819335938, 0.5061450004577637, 120, 0.0, 0, 0, ''),
((@CGUID+226)+086, 16356, 1, 1, 1, 7830.35986328125, -4226.16015625, 676.5919799804688, 0.7155849933624268, 120, 0.0, 0, 0, ''),
((@CGUID+226)+087, 16356, 1, 1, 1, 7830.580078125, -4248.4599609375, 683.3350219726561, 1.099560022354126, 120, 0.0, 0, 0, ''),
((@CGUID+226)+088, 16356, 1, 1, 1, 7906.080078125, -3869.860107421875, 697.1010131835938, 5.4977898597717285, 120, 0.0, 0, 0, ''),
((@CGUID+226)+089, 16356, 1, 1, 1, 7898.490234375, -3883.669921875, 695.9119873046875, 1.3788100481033323, 120, 0.0, 0, 0, ''),
((@CGUID+226)+090, 16356, 1, 1, 1, 7862.22998046875, -4231.8798828125, 680.239013671875, 4.468039989471436, 120, 0.0, 0, 0, ''),
((@CGUID+226)+091, 16356, 1, 1, 1, 7859.18994140625, -4210.56005859375, 677.9199829101561, 0.2268929928541183, 120, 0.0, 0, 0, ''),
((@CGUID+226)+092, 16356, 1, 1, 1, 7848.990234375, -4251.669921875, 682.43798828125, 4.031710147857666, 120, 0.0, 0, 0, ''),
((@CGUID+226)+093, 16356, 1, 1, 1, 7845.040039062499, -4220.4599609375, 676.0560302734375, 4.049170017242432, 120, 0.0, 0, 0, ''),
((@CGUID+226)+094, 16356, 1, 1, 1, 7843.33984375, -4239.35009765625, 680.1859741210938, 5.5326900482177725, 120, 0.0, 0, 0, ''),
((@CGUID+226)+095, 16356, 1, 1, 1, 7837.27001953125, -4205.740234375, 676.5059814453125, 1.8849500417709353, 120, 0.0, 0, 0, ''),
((@CGUID+226)+096, 16356, 1, 1, 1, 7834.89013671875, -4191.33984375, 678.8309936523439, 5.811950206756592, 120, 0.0, 0, 0, ''),
((@CGUID+226)+097, 16356, 1, 1, 1, 7833.120117187501, -4264.02001953125, 685.0449829101561, 3.0368399620056152, 120, 0.0, 0, 0, ''),
((@CGUID+226)+098, 16356, 1, 1, 1, 7806.81005859375, -4258.3701171875, 684.6589965820312, 4.206250190734863, 120, 0.0, 0, 0, ''),
((@CGUID+226)+099, 16356, 1, 1, 1, 6744.93017578125, -3365.139892578125, 685.4869995117188, 5.201079845428467, 120, 0.0, 0, 0, ''),
((@CGUID+226)+100, 16356, 1, 1, 1, 6267.60986328125, -4741.2099609375, 752.3060302734374, 1.3788100481033323, 120, 0.0, 0, 0, ''),
((@CGUID+226)+101, 16356, 1, 1, 1, 6097.14990234375, -4760.669921875, 757.7990112304688, 4.031710147857666, 120, 0.0, 0, 0, ''),
((@CGUID+226)+102, 16356, 1, 1, 1, 6095.580078125, -5003.0498046875, 786.6950073242189, 1.099560022354126, 120, 0.0, 0, 0, ''),
((@CGUID+226)+103, 16356, 1, 1, 1, 6094.10986328125, -4743.580078125, 760.2709960937501, 4.206250190734863, 120, 0.0, 0, 0, ''),
((@CGUID+226)+104, 16356, 1, 1, 1, 6091.6298828125, -4773.75, 767.6840209960938, 3.0368399620056152, 120, 0.0, 0, 0, ''),
((@CGUID+226)+105, 16356, 1, 1, 1, 6088.080078125, -4715.83984375, 748.3499755859374, 3.141590118408203, 120, 0.0, 0, 0, ''),
((@CGUID+226)+106, 16356, 1, 1, 1, 6084.75, -4788.64990234375, 767.875, 2.809969902038574, 120, 0.0, 0, 0, ''),
((@CGUID+226)+107, 16356, 1, 1, 1, 6082.919921875, -4760.64990234375, 768.0800170898439, 5.4977898597717285, 120, 0.0, 0, 0, ''),
((@CGUID+226)+108, 16356, 1, 1, 1, 6082.6298828125, -5087.31982421875, 826.2160034179688, 4.066619873046875, 120, 0.0, 0, 0, ''),
((@CGUID+226)+109, 16356, 1, 1, 1, 6077.830078125, -5007.27001953125, 784.156982421875, 1.9547699689865112, 120, 0.0, 0, 0, ''),
((@CGUID+226)+110, 16356, 1, 1, 1, 6074.85009765625, -4773.89013671875, 773.8989868164062, 1.3788100481033323, 120, 0.0, 0, 0, ''),
((@CGUID+226)+111, 16356, 1, 1, 1, 6099.64990234375, -5034.7998046875, 791.3090209960938, 5.5326900482177725, 120, 0.0, 0, 0, ''),
((@CGUID+226)+112, 16356, 1, 1, 1, 6101.89990234375, -5048.419921875, 793.8829956054688, 6.24828004837036, 120, 0.0, 0, 0, ''),
((@CGUID+226)+113, 16356, 1, 1, 1, 6266.41015625, -4760.14013671875, 754.3150024414062, 5.5326900482177725, 120, 0.0, 0, 0, ''),
((@CGUID+226)+114, 16356, 1, 1, 1, 6264.27978515625, -4779.009765625, 755.4609985351561, 4.049170017242432, 120, 0.0, 0, 0, ''),
((@CGUID+226)+115, 16356, 1, 1, 1, 6261.85009765625, -4815.35009765625, 756.9000244140626, 4.468039989471436, 120, 0.0, 0, 0, ''),
((@CGUID+226)+116, 16356, 1, 1, 1, 6260.0498046875, -4793.75, 756.7940063476561, 1.8849500417709353, 120, 0.0, 0, 0, ''),
((@CGUID+226)+117, 16356, 1, 1, 1, 6245.97998046875, -4805.580078125, 757.177978515625, 0.2268929928541183, 120, 0.0, 0, 0, ''),
((@CGUID+226)+118, 16356, 1, 1, 1, 6244.2001953125, -4822.47021484375, 758.176025390625, 4.206250190734863, 120, 0.0, 0, 0, ''),
((@CGUID+226)+119, 16356, 1, 1, 1, 6115.64013671875, -5055.81005859375, 794.8759765625, 4.031710147857666, 120, 0.0, 0, 0, ''),
((@CGUID+226)+120, 16356, 1, 1, 1, 6114.27978515625, -5035.89013671875, 791.6589965820312, 3.26377010345459, 120, 0.0, 0, 0, ''),
((@CGUID+226)+121, 16356, 1, 1, 1, 6111.27001953125, -5071.4599609375, 809.8510131835938, 4.206250190734863, 120, 0.0, 0, 0, ''),
((@CGUID+226)+122, 16356, 1, 1, 1, 6107.5, -5018.22021484375, 790.3129882812499, 5.4977898597717285, 120, 0.0, 0, 0, ''),
((@CGUID+226)+123, 16356, 1, 1, 1, 6074.009765625, -5025.43017578125, 786.3590087890626, 5.6374101638793945, 120, 0.0, 0, 0, ''),
((@CGUID+226)+124, 16356, 1, 1, 1, 6066.06005859375, -5051.10009765625, 793.4019775390626, 0.7155849933624268, 120, 0.0, 0, 0, ''),
((@CGUID+226)+125, 16356, 1, 1, 1, 6065.56005859375, -5072.0400390625, 807.0750122070312, 3.141590118408203, 120, 0.0, 0, 0, ''),
((@CGUID+226)+126, 16356, 1, 1, 1, 6038.33984375, -5052.7900390625, 793.3670043945312, 4.468039989471436, 120, 0.0, 0, 0, ''),
((@CGUID+226)+127, 16356, 1, 1, 1, 6034.10009765625, -5016.35009765625, 781.7570190429688, 0.2268929928541183, 120, 0.0, 0, 0, ''),
((@CGUID+226)+128, 16356, 1, 1, 1, 6032.580078125, -4761.919921875, 796.4030151367188, 1.8849500417709353, 120, 0.0, 0, 0, ''),
((@CGUID+226)+129, 16356, 1, 1, 1, 6030.759765625, -4794.52978515625, 783.9299926757811, 0.2268929928541183, 120, 0.0, 0, 0, ''),
((@CGUID+226)+130, 16356, 1, 1, 1, 6030.330078125, -4747.27978515625, 800.2169799804688, 5.5326900482177725, 120, 0.0, 0, 0, ''),
((@CGUID+226)+131, 16356, 1, 1, 1, 6029.56005859375, -5033.75, 783.0629882812499, 5.811950206756592, 120, 0.0, 0, 0, ''),
((@CGUID+226)+132, 16356, 1, 1, 1, 6028.83984375, -5069.669921875, 798.8209838867188, 2.809969902038574, 120, 0.0, 0, 0, ''),
((@CGUID+226)+133, 16356, 1, 1, 1, 6026.22021484375, -5049.33984375, 787.2659912109374, 1.3788100481033323, 120, 0.0, 0, 0, ''),
((@CGUID+226)+134, 16356, 1, 1, 1, 6023.85009765625, -4776.91015625, 796.594970703125, 4.468039989471436, 120, 0.0, 0, 0, ''),
((@CGUID+226)+135, 16356, 1, 1, 1, 6019.60009765625, -4757.41015625, 803.7719726562499, 0.5061450004577637, 120, 0.0, 0, 0, ''),
((@CGUID+226)+136, 16356, 1, 1, 1, 6043.08984375, -4722.27978515625, 788.4349975585938, 4.049170017242432, 120, 0.0, 0, 0, ''),
((@CGUID+226)+137, 16356, 1, 1, 1, 6044.18017578125, -5030.06982421875, 783.4739990234374, 4.049170017242432, 120, 0.0, 0, 0, ''),
((@CGUID+226)+138, 16356, 1, 1, 1, 6064.330078125, -4785.4501953125, 776.0440063476561, 4.468039989471436, 120, 0.0, 0, 0, ''),
((@CGUID+226)+139, 16356, 1, 1, 1, 6063.2998046875, -4997.7099609375, 781.4190063476561, 1.85004997253418, 120, 0.0, 0, 0, ''),
((@CGUID+226)+140, 16356, 1, 1, 1, 6061.169921875, -4742.39013671875, 780.2670288085938, 5.201079845428467, 120, 0.0, 0, 0, ''),
((@CGUID+226)+141, 16356, 1, 1, 1, 6060.16015625, -5034.830078125, 786.3579711914062, 1.8674999475479128, 120, 0.0, 0, 0, ''),
((@CGUID+226)+142, 16356, 1, 1, 1, 6058.75, -5016.8798828125, 782.489013671875, 2.2340199947357178, 120, 0.0, 0, 0, ''),
((@CGUID+226)+143, 16356, 1, 1, 1, 6051.27978515625, -5047.68994140625, 789.5020141601561, 4.049170017242432, 120, 0.0, 0, 0, ''),
((@CGUID+226)+144, 16356, 1, 1, 1, 6049.2001953125, -5003.0400390625, 780.3800048828125, 4.468039989471436, 120, 0.0, 0, 0, ''),
((@CGUID+226)+145, 16356, 1, 1, 1, 6048.68017578125, -5063.68994140625, 803.7290039062499, 0.5061450004577637, 120, 0.0, 0, 0, ''),
((@CGUID+226)+146, 16356, 1, 1, 1, 6047.72998046875, -4760.52001953125, 791.406982421875, 0.7155849933624268, 120, 0.0, 0, 0, ''),
((@CGUID+226)+147, 16356, 1, 1, 1, 6046.93994140625, -4713.08984375, 780.6270141601561, 4.066619873046875, 120, 0.0, 0, 0, ''),
((@CGUID+226)+148, 16356, 1, 1, 1, 6019.56005859375, -4732.35009765625, 802.3460083007811, 6.24828004837036, 120, 0.0, 0, 0, ''),
((@CGUID+226)+149, 16356, 1, 1, 1, 6274.75, -4790.02001953125, 757.197021484375, 5.201079845428467, 120, 0.0, 0, 0, ''),
((@CGUID+226)+150, 16356, 1, 1, 1, 6744.89990234375, -3380.010009765625, 681.2739868164062, 4.049170017242432, 120, 0.0, 0, 0, ''),
((@CGUID+226)+151, 16356, 1, 1, 1, 6710.2001953125, -3323.169921875, 675.2360229492188, 3.0368399620056152, 120, 0.0, 0, 0, ''),
((@CGUID+226)+152, 16356, 1, 1, 1, 6710.0, -3337.31005859375, 680.1589965820312, 0.5061450004577637, 120, 0.0, 0, 0, ''),
((@CGUID+226)+153, 16356, 1, 1, 1, 6707.89013671875, -3378.02001953125, 672.7039794921875, 4.066619873046875, 120, 0.0, 0, 0, ''),
((@CGUID+226)+154, 16356, 1, 1, 1, 6697.9599609375, -3353.050048828125, 678.9080200195312, 3.141590118408203, 120, 0.0, 0, 0, ''),
((@CGUID+226)+155, 16356, 1, 1, 1, 6592.4599609375, -3487.510009765625, 668.6229858398439, 4.066619873046875, 120, 0.0, 0, 0, ''),
((@CGUID+226)+156, 16356, 1, 1, 1, 6585.3701171875, -3473.3798828125, 661.7579956054688, 0.2268929928541183, 120, 0.0, 0, 0, ''),
((@CGUID+226)+157, 16356, 1, 1, 1, 6582.47998046875, -3498.919921875, 668.39599609375, 5.811950206756592, 120, 0.0, 0, 0, ''),
((@CGUID+226)+158, 16356, 1, 1, 1, 6571.47998046875, -3482.739990234375, 656.2769775390625, 1.9547699689865112, 120, 0.0, 0, 0, ''),
((@CGUID+226)+159, 16356, 1, 1, 1, 6569.580078125, -3465.97998046875, 650.35400390625, 4.049170017242432, 120, 0.0, 0, 0, ''),
((@CGUID+226)+160, 16356, 1, 1, 1, 6566.259765625, -3496.0400390625, 657.4359741210938, 5.5326900482177725, 120, 0.0, 0, 0, ''),
((@CGUID+226)+161, 16356, 1, 1, 1, 6714.6298828125, -3360.2900390625, 685.1290283203125, 5.5326900482177725, 120, 0.0, 0, 0, ''),
((@CGUID+226)+162, 16356, 1, 1, 1, 6722.3701171875, -3390.239990234375, 670.3679809570312, 2.809969902038574, 120, 0.0, 0, 0, ''),
((@CGUID+226)+163, 16356, 1, 1, 1, 6743.56982421875, -3622.550048828125, 716.3759765625, 5.4977898597717285, 120, 0.0, 0, 0, ''),
((@CGUID+226)+164, 16356, 1, 1, 1, 6743.02978515625, -3307.840087890625, 673.4600219726561, 1.099560022354126, 120, 0.0, 0, 0, ''),
((@CGUID+226)+165, 16356, 1, 1, 1, 6740.5400390625, -3392.550048828125, 681.0180053710938, 4.206250190734863, 120, 0.0, 0, 0, ''),
((@CGUID+226)+166, 16356, 1, 1, 1, 6738.41015625, -3327.8701171875, 681.6810302734375, 6.24828004837036, 120, 0.0, 0, 0, ''),
((@CGUID+226)+167, 16356, 1, 1, 1, 6735.52978515625, -3341.489990234375, 686.323974609375, 0.7155849933624268, 120, 0.0, 0, 0, ''),
((@CGUID+226)+168, 16356, 1, 1, 1, 6732.3798828125, -3355.739990234375, 687.469970703125, 2.007129907608032, 120, 0.0, 0, 0, ''),
((@CGUID+226)+169, 16356, 1, 1, 1, 6729.419921875, -3370.340087890625, 682.625, 4.049170017242432, 120, 0.0, 0, 0, ''),
((@CGUID+226)+170, 16356, 1, 1, 1, 6725.509765625, -3317.409912109375, 676.7739868164062, 3.26377010345459, 120, 0.0, 0, 0, ''),
((@CGUID+226)+171, 16356, 1, 1, 1, 6724.64990234375, -3332.949951171875, 682.8200073242188, 1.8849500417709353, 120, 0.0, 0, 0, ''),
((@CGUID+226)+172, 16356, 1, 1, 1, 6722.60009765625, -3345.27001953125, 685.5120239257812, 1.9547699689865112, 120, 0.0, 0, 0, ''),
((@CGUID+226)+173, 16356, 1, 1, 1, 6566.169921875, -3515.590087890625, 664.822021484375, 4.468039989471436, 120, 0.0, 0, 0, ''),
((@CGUID+226)+174, 16356, 1, 1, 1, 6555.89990234375, -3442.929931640625, 639.2999877929688, 4.468039989471436, 120, 0.0, 0, 0, ''),
((@CGUID+226)+175, 16356, 1, 1, 1, 6275.419921875, -4772.5400390625, 756.0380249023439, 5.6374101638793945, 120, 0.0, 0, 0, ''),
((@CGUID+226)+176, 16356, 1, 1, 1, 6507.9599609375, -3520.639892578125, 646.0560302734375, 4.031710147857666, 120, 0.0, 0, 0, ''),
((@CGUID+226)+177, 16356, 1, 1, 1, 6328.0, -4811.4501953125, 754.2550048828125, 4.031710147857666, 120, 0.0, 0, 0, ''),
((@CGUID+226)+178, 16356, 1, 1, 1, 6321.4599609375, -4795.6201171875, 751.5830078125, 3.26377010345459, 120, 0.0, 0, 0, ''),
((@CGUID+226)+179, 16356, 1, 1, 1, 6316.25, -4825.18994140625, 752.3889770507811, 3.0368399620056152, 120, 0.0, 0, 0, ''),
((@CGUID+226)+180, 16356, 1, 1, 1, 6315.72998046875, -4777.7001953125, 756.8090209960938, 6.24828004837036, 120, 0.0, 0, 0, ''),
((@CGUID+226)+181, 16356, 1, 1, 1, 6300.740234375, -4746.35009765625, 763.0629882812499, 2.809969902038574, 120, 0.0, 0, 0, ''),
((@CGUID+226)+182, 16356, 1, 1, 1, 6300.33984375, -4823.2001953125, 755.1209716796875, 1.099560022354126, 120, 0.0, 0, 0, ''),
((@CGUID+226)+183, 16356, 1, 1, 1, 6293.97021484375, -4810.5, 757.7940063476561, 0.5061450004577637, 120, 0.0, 0, 0, ''),
((@CGUID+226)+184, 16356, 1, 1, 1, 6278.8701171875, -4805.419921875, 758.656982421875, 2.2340199947357178, 120, 0.0, 0, 0, ''),
((@CGUID+226)+185, 16356, 1, 1, 1, 6278.2998046875, -4822.490234375, 753.6669921875, 1.85004997253418, 120, 0.0, 0, 0, ''),
((@CGUID+226)+186, 16356, 1, 1, 1, 6518.9501953125, -3487.360107421875, 636.760009765625, 3.26377010345459, 120, 0.0, 0, 0, ''),
((@CGUID+226)+187, 16356, 1, 1, 1, 6524.56005859375, -3475.159912109375, 631.9539794921875, 5.4977898597717285, 120, 0.0, 0, 0, ''),
((@CGUID+226)+188, 16356, 1, 1, 1, 6555.509765625, -3507.43994140625, 654.2529907226561, 1.8849500417709353, 120, 0.0, 0, 0, ''),
((@CGUID+226)+189, 16356, 1, 1, 1, 6554.91015625, -3494.860107421875, 649.530029296875, 1.8674999475479128, 120, 0.0, 0, 0, ''),
((@CGUID+226)+190, 16356, 1, 1, 1, 6554.10986328125, -3471.909912109375, 643.6409912109375, 5.201079845428467, 120, 0.0, 0, 0, ''),
((@CGUID+226)+191, 16356, 1, 1, 1, 6550.83984375, -3458.719970703125, 638.833984375, 4.049170017242432, 120, 0.0, 0, 0, ''),
((@CGUID+226)+192, 16356, 1, 1, 1, 6545.68994140625, -3522.919921875, 654.7579956054688, 1.3788100481033323, 120, 0.0, 0, 0, ''),
((@CGUID+226)+193, 16356, 1, 1, 1, 6544.10986328125, -3447.510009765625, 631.4530029296875, 3.141590118408203, 120, 0.0, 0, 0, ''),
((@CGUID+226)+194, 16356, 1, 1, 1, 6538.31982421875, -3507.860107421875, 647.2319946289062, 0.5061450004577637, 120, 0.0, 0, 0, ''),
((@CGUID+226)+195, 16356, 1, 1, 1, 6536.56005859375, -3488.22998046875, 642.1229858398439, 2.007129907608032, 120, 0.0, 0, 0, ''),
((@CGUID+226)+196, 16356, 1, 1, 1, 6532.16015625, -3437.840087890625, 620.9099731445312, 1.85004997253418, 120, 0.0, 0, 0, ''),
((@CGUID+226)+197, 16356, 1, 1, 1, 6530.18994140625, -3521.7099609375, 651.427978515625, 2.809969902038574, 120, 0.0, 0, 0, ''),
((@CGUID+226)+198, 16356, 1, 1, 1, 6525.89990234375, -3499.27001953125, 642.4749755859375, 6.24828004837036, 120, 0.0, 0, 0, ''),
((@CGUID+226)+199, 16386, 1, 1, 1, 7878.209960937501, -3923.9399414062495, 725.3129882812499, 0.7155849933624268, 120, 0.0, 0, 0, ''),
((@CGUID+226)+200, 16386, 1, 1, 1, 7797.47998046875, -4146.1298828125, 715.9340209960938, 2.6005399227142334, 120, 0.0, 0, 0, ''),
((@CGUID+226)+201, 16386, 1, 1, 1, 7703.39990234375, -3912.949951171875, 708.6420288085938, 2.6005399227142334, 120, 0.0, 0, 0, ''),
((@CGUID+226)+202, 16386, 1, 1, 1, 6752.6201171875, -3553.760009765625, 729.7940063476561, 2.6005399227142334, 120, 0.0, 0, 0, ''),
((@CGUID+226)+203, 16386, 1, 1, 1, 6713.43994140625, -3379.659912109375, 720.5020141601561, 0.7679449915885925, 120, 0.0, 0, 0, ''),
((@CGUID+226)+204, 16386, 1, 1, 1, 6596.58984375, -3462.3798828125, 716.4520263671875, 3.525559902191162, 120, 0.0, 0, 0, ''),
((@CGUID+226)+205, 16386, 1, 1, 1, 6237.08984375, -4843.2099609375, 780.9749755859374, 0.9250249862670898, 120, 0.0, 0, 0, ''),
((@CGUID+226)+206, 16386, 1, 1, 1, 6107.43017578125, -4999.6201171875, 794.9130249023439, 3.9967999458312993, 120, 0.0, 0, 0, ''),
((@CGUID+226)+207, 16386, 1, 1, 1, 6103.93017578125, -4813.4599609375, 792.5460205078125, 2.2340199947357178, 120, 0.0, 0, 0, ''),
((@CGUID+226)+208, 16398, 1, 1, 1, 7815.68994140625, -3978.530029296875, 754.7730102539062, 0.7330380082130432, 27000, 0.0, 0, 0, ''),
((@CGUID+226)+209, 16398, 1, 1, 1, 7777.75, -4086.5, 749.041015625, 5.113810062408447, 27000, 0.0, 0, 0, ''),
((@CGUID+226)+210, 16398, 1, 1, 1, 7722.299804687501, -3953.8999023437505, 734.2550048828125, 4.10152006149292, 27000, 0.0, 0, 0, ''),
((@CGUID+226)+211, 16398, 1, 1, 1, 6701.14013671875, -3500.280029296875, 757.4739990234374, 5.113810062408447, 27000, 0.0, 0, 0, ''),
((@CGUID+226)+212, 16398, 1, 1, 1, 6677.47021484375, -3414.77001953125, 760.2650146484374, 4.10152006149292, 27000, 0.0, 0, 0, ''),
((@CGUID+226)+213, 16398, 1, 1, 1, 6615.64990234375, -3459.449951171875, 738.2919921875, 3.5081100463867188, 27000, 0.0, 0, 0, ''),
((@CGUID+226)+214, 16398, 1, 1, 1, 6213.64013671875, -4873.81982421875, 792.2979736328125, 0.9250249862670898, 27000, 0.0, 0, 0, ''),
((@CGUID+226)+215, 16398, 1, 1, 1, 6156.83984375, -4878.5498046875, 798.9829711914062, 2.2340199947357178, 27000, 0.0, 0, 0, ''),
((@CGUID+226)+216, 16398, 1, 1, 1, 6145.259765625, -4957.14990234375, 800.844970703125, 3.979350090026856, 27000, 0.0, 0, 0, ''),
((@CGUID+226)+217, 16356, 1, 1, 1, 7641.330078125, -3886.1298828125, 685.1959838867188, 4.468039989471436, 120, 0.0, 0, 0, ''),
((@CGUID+226)+218, 16356, 1, 1, 1, 7646.419921875, -3869.2099609375, 684.9959716796875, 0.2268929928541183, 120, 0.0, 0, 0, ''),
((@CGUID+226)+219, 16356, 1, 1, 1, 7649.18994140625, -3855.1899414062495, 685.1530151367188, 1.3788100481033323, 120, 0.0, 0, 0, ''),
((@CGUID+226)+220, 16356, 1, 1, 1, 7656.790039062499, -3884.090087890625, 685.8920288085938, 1.8849500417709353, 120, 0.0, 0, 0, ''),
((@CGUID+226)+221, 16356, 1, 1, 1, 7662.290039062499, -3869.070068359375, 685.4119873046875, 2.2340199947357178, 120, 0.0, 0, 0, ''),
((@CGUID+226)+222, 16356, 1, 1, 1, 7664.56005859375, -3850.75, 686.1309814453125, 5.4977898597717285, 120, 0.0, 0, 0, ''),
((@CGUID+226)+223, 16356, 1, 1, 1, 7677.60009765625, -3841.1499023437505, 687.1329956054688, 2.809969902038574, 120, 0.0, 0, 0, ''),
((@CGUID+226)+224, 16356, 1, 1, 1, 7711.919921875, -3840.429931640625, 700.4320068359375, 4.066629886627196, 120, 0.0, 0, 0, ''),
((@CGUID+226)+225, 16356, 1, 1, 1, 7723.10009765625, -3902.679931640625, 691.7319946289062, 3.0368399620056152, 120, 0.0, 0, 0, ''),
((@CGUID+226)+226, 16356, 1, 1, 1, 7669.450195312499, -3886.25, 686.572021484375, 2.007129907608032, 120, 0.0, 0, 0, ''),
((@CGUID+226)+227, 16401, 1, 1, 1, 6184.27978515625, -4913.31982421875, 807.760009765625, 6.09119987487793, 120, 0.0, 0, 0, ''),
((@CGUID+226)+228, 16401, 1, 1, 1, 6646.68994140625, -3442.360107421875, 793.0, 4.869470119476318, 120, 0.0, 0, 0, ''),
((@CGUID+226)+229, 16401, 1, 1, 1, 7755.75, -4030.909912109375, 786.5800170898439, 0.4712379872798919, 120, 0.0, 0, 0, ''),
((@CGUID+226)+230, 16421, 1, 1, 1, 6184.27978515625, -4913.31982421875, 807.760009765625, 6.09119987487793, 120, 0.0, 0, 0, ''),
((@CGUID+226)+231, 16421, 1, 1, 1, 6646.68994140625, -3442.360107421875, 793.0, 4.869470119476318, 120, 0.0, 0, 0, ''),
((@CGUID+226)+232, 16421, 1, 1, 1, 7755.75, -4030.909912109375, 786.5800170898439, 0.4712379872798919, 120, 0.0, 0, 0, ''),
((@CGUID+226)+233, 16356, 1, 1, 1, 6244.0, -4779.68994140625, 751.864990234375, 5.811950206756592, 120, 0.0, 0, 0, ''),
((@CGUID+226)+234, 16356, 1, 1, 1, 6074.43017578125, -4722.75, 756.322998046875, 1.099560022354126, 120, 0.0, 0, 0, ''),
((@CGUID+226)+235, 16356, 1, 1, 1, 6248.4599609375, -4755.080078125, 752.166015625, 4.468039989471436, 120, 0.0, 0, 0, ''),
((@CGUID+226)+236, 16356, 1, 1, 1, 6734.2001953125, -3572.909912109375, 704.114013671875, 4.066629886627196, 120, 0.0, 0, 0, ''),
((@CGUID+226)+237, 16356, 1, 1, 1, 6743.759765625, -3605.070068359375, 718.8709716796875, 4.031720161437988, 120, 0.0, 0, 0, ''),
((@CGUID+226)+238, 16356, 1, 1, 1, 6745.97998046875, -3560.780029296875, 700.9219970703125, 4.049170017242432, 120, 0.0, 0, 0, ''),
((@CGUID+226)+239, 16356, 1, 1, 1, 6756.25, -3610.6499023437505, 717.1939697265625, 1.8849500417709353, 120, 0.0, 0, 0, ''),
((@CGUID+226)+240, 16356, 1, 1, 1, 6772.1298828125, -3621.320068359375, 721.7239990234374, 0.5061450004577637, 120, 0.0, 0, 0, ''),
((@CGUID+226)+241, 16356, 1, 1, 1, 6817.91015625, -3615.719970703125, 729.9970092773439, 3.26377010345459, 120, 0.0, 0, 0, ''),
((@CGUID+226)+242, 16356, 1, 1, 1, 6819.22998046875, -3570.39990234375, 727.156005859375, 0.2268929928541183, 120, 0.0, 0, 0, ''),
((@CGUID+226)+243, 16356, 1, 1, 1, 7694.81982421875, -3881.969970703125, 688.0479736328125, 5.201089859008789, 120, 0.0, 0, 0, ''),
((@CGUID+226)+244, 16356, 1, 1, 1, 7708.419921875, -3907.949951171875, 691.8250122070312, 6.24828004837036, 120, 0.0, 0, 0, ''),
((@CGUID+226)+245, 16356, 1, 1, 1, 7720.33984375, -3881.159912109375, 690.5390014648439, 1.85004997253418, 120, 0.0, 0, 0, '');
DELETE FROM `game_event_creature` WHERE `eventEntry` = @scourge_winterspring AND `guid` BETWEEN (@CGUID+226) AND (@CGUID+226) + 245;
INSERT INTO `game_event_creature` (`eventEntry`, `guid`) VALUES
(@scourge_winterspring, (@CGUID+226)+000),
(@scourge_winterspring, (@CGUID+226)+001),
(@scourge_winterspring, (@CGUID+226)+002),
(@scourge_winterspring, (@CGUID+226)+003),
(@scourge_winterspring, (@CGUID+226)+004),
(@scourge_winterspring, (@CGUID+226)+005),
(@scourge_winterspring, (@CGUID+226)+006),
(@scourge_winterspring, (@CGUID+226)+007),
(@scourge_winterspring, (@CGUID+226)+008),
(@scourge_winterspring, (@CGUID+226)+009),
(@scourge_winterspring, (@CGUID+226)+010),
(@scourge_winterspring, (@CGUID+226)+011),
(@scourge_winterspring, (@CGUID+226)+012),
(@scourge_winterspring, (@CGUID+226)+013),
(@scourge_winterspring, (@CGUID+226)+014),
(@scourge_winterspring, (@CGUID+226)+015),
(@scourge_winterspring, (@CGUID+226)+016),
(@scourge_winterspring, (@CGUID+226)+017),
(@scourge_winterspring, (@CGUID+226)+018),
(@scourge_winterspring, (@CGUID+226)+019),
(@scourge_winterspring, (@CGUID+226)+020),
(@scourge_winterspring, (@CGUID+226)+021),
(@scourge_winterspring, (@CGUID+226)+022),
(@scourge_winterspring, (@CGUID+226)+023),
(@scourge_winterspring, (@CGUID+226)+024),
(@scourge_winterspring, (@CGUID+226)+025),
(@scourge_winterspring, (@CGUID+226)+026),
(@scourge_winterspring, (@CGUID+226)+027),
(@scourge_winterspring, (@CGUID+226)+028),
(@scourge_winterspring, (@CGUID+226)+029),
(@scourge_winterspring, (@CGUID+226)+030),
(@scourge_winterspring, (@CGUID+226)+031),
(@scourge_winterspring, (@CGUID+226)+032),
(@scourge_winterspring, (@CGUID+226)+033),
(@scourge_winterspring, (@CGUID+226)+034),
(@scourge_winterspring, (@CGUID+226)+035),
(@scourge_winterspring, (@CGUID+226)+036),
(@scourge_winterspring, (@CGUID+226)+037),
(@scourge_winterspring, (@CGUID+226)+038),
(@scourge_winterspring, (@CGUID+226)+039),
(@scourge_winterspring, (@CGUID+226)+040),
(@scourge_winterspring, (@CGUID+226)+041),
(@scourge_winterspring, (@CGUID+226)+042),
(@scourge_winterspring, (@CGUID+226)+043),
(@scourge_winterspring, (@CGUID+226)+044),
(@scourge_winterspring, (@CGUID+226)+045),
(@scourge_winterspring, (@CGUID+226)+046),
(@scourge_winterspring, (@CGUID+226)+047),
(@scourge_winterspring, (@CGUID+226)+048),
(@scourge_winterspring, (@CGUID+226)+049),
(@scourge_winterspring, (@CGUID+226)+050),
(@scourge_winterspring, (@CGUID+226)+051),
(@scourge_winterspring, (@CGUID+226)+052),
(@scourge_winterspring, (@CGUID+226)+053),
(@scourge_winterspring, (@CGUID+226)+054),
(@scourge_winterspring, (@CGUID+226)+055),
(@scourge_winterspring, (@CGUID+226)+056),
(@scourge_winterspring, (@CGUID+226)+057),
(@scourge_winterspring, (@CGUID+226)+058),
(@scourge_winterspring, (@CGUID+226)+059),
(@scourge_winterspring, (@CGUID+226)+060),
(@scourge_winterspring, (@CGUID+226)+061),
(@scourge_winterspring, (@CGUID+226)+062),
(@scourge_winterspring, (@CGUID+226)+063),
(@scourge_winterspring, (@CGUID+226)+064),
(@scourge_winterspring, (@CGUID+226)+065),
(@scourge_winterspring, (@CGUID+226)+066),
(@scourge_winterspring, (@CGUID+226)+067),
(@scourge_winterspring, (@CGUID+226)+068),
(@scourge_winterspring, (@CGUID+226)+069),
(@scourge_winterspring, (@CGUID+226)+070),
(@scourge_winterspring, (@CGUID+226)+071),
(@scourge_winterspring, (@CGUID+226)+072),
(@scourge_winterspring, (@CGUID+226)+073),
(@scourge_winterspring, (@CGUID+226)+074),
(@scourge_winterspring, (@CGUID+226)+075),
(@scourge_winterspring, (@CGUID+226)+076),
(@scourge_winterspring, (@CGUID+226)+077),
(@scourge_winterspring, (@CGUID+226)+078),
(@scourge_winterspring, (@CGUID+226)+079),
(@scourge_winterspring, (@CGUID+226)+080),
(@scourge_winterspring, (@CGUID+226)+081),
(@scourge_winterspring, (@CGUID+226)+082),
(@scourge_winterspring, (@CGUID+226)+083),
(@scourge_winterspring, (@CGUID+226)+084),
(@scourge_winterspring, (@CGUID+226)+085),
(@scourge_winterspring, (@CGUID+226)+086),
(@scourge_winterspring, (@CGUID+226)+087),
(@scourge_winterspring, (@CGUID+226)+088),
(@scourge_winterspring, (@CGUID+226)+089),
(@scourge_winterspring, (@CGUID+226)+090),
(@scourge_winterspring, (@CGUID+226)+091),
(@scourge_winterspring, (@CGUID+226)+092),
(@scourge_winterspring, (@CGUID+226)+093),
(@scourge_winterspring, (@CGUID+226)+094),
(@scourge_winterspring, (@CGUID+226)+095),
(@scourge_winterspring, (@CGUID+226)+096),
(@scourge_winterspring, (@CGUID+226)+097),
(@scourge_winterspring, (@CGUID+226)+098),
(@scourge_winterspring, (@CGUID+226)+099),
(@scourge_winterspring, (@CGUID+226)+100),
(@scourge_winterspring, (@CGUID+226)+101),
(@scourge_winterspring, (@CGUID+226)+102),
(@scourge_winterspring, (@CGUID+226)+103),
(@scourge_winterspring, (@CGUID+226)+104),
(@scourge_winterspring, (@CGUID+226)+105),
(@scourge_winterspring, (@CGUID+226)+106),
(@scourge_winterspring, (@CGUID+226)+107),
(@scourge_winterspring, (@CGUID+226)+108),
(@scourge_winterspring, (@CGUID+226)+109),
(@scourge_winterspring, (@CGUID+226)+110),
(@scourge_winterspring, (@CGUID+226)+111),
(@scourge_winterspring, (@CGUID+226)+112),
(@scourge_winterspring, (@CGUID+226)+113),
(@scourge_winterspring, (@CGUID+226)+114),
(@scourge_winterspring, (@CGUID+226)+115),
(@scourge_winterspring, (@CGUID+226)+116),
(@scourge_winterspring, (@CGUID+226)+117),
(@scourge_winterspring, (@CGUID+226)+118),
(@scourge_winterspring, (@CGUID+226)+119),
(@scourge_winterspring, (@CGUID+226)+120),
(@scourge_winterspring, (@CGUID+226)+121),
(@scourge_winterspring, (@CGUID+226)+122),
(@scourge_winterspring, (@CGUID+226)+123),
(@scourge_winterspring, (@CGUID+226)+124),
(@scourge_winterspring, (@CGUID+226)+125),
(@scourge_winterspring, (@CGUID+226)+126),
(@scourge_winterspring, (@CGUID+226)+127),
(@scourge_winterspring, (@CGUID+226)+128),
(@scourge_winterspring, (@CGUID+226)+129),
(@scourge_winterspring, (@CGUID+226)+130),
(@scourge_winterspring, (@CGUID+226)+131),
(@scourge_winterspring, (@CGUID+226)+132),
(@scourge_winterspring, (@CGUID+226)+133),
(@scourge_winterspring, (@CGUID+226)+134),
(@scourge_winterspring, (@CGUID+226)+135),
(@scourge_winterspring, (@CGUID+226)+136),
(@scourge_winterspring, (@CGUID+226)+137),
(@scourge_winterspring, (@CGUID+226)+138),
(@scourge_winterspring, (@CGUID+226)+139),
(@scourge_winterspring, (@CGUID+226)+140),
(@scourge_winterspring, (@CGUID+226)+141),
(@scourge_winterspring, (@CGUID+226)+142),
(@scourge_winterspring, (@CGUID+226)+143),
(@scourge_winterspring, (@CGUID+226)+144),
(@scourge_winterspring, (@CGUID+226)+145),
(@scourge_winterspring, (@CGUID+226)+146),
(@scourge_winterspring, (@CGUID+226)+147),
(@scourge_winterspring, (@CGUID+226)+148),
(@scourge_winterspring, (@CGUID+226)+149),
(@scourge_winterspring, (@CGUID+226)+150),
(@scourge_winterspring, (@CGUID+226)+151),
(@scourge_winterspring, (@CGUID+226)+152),
(@scourge_winterspring, (@CGUID+226)+153),
(@scourge_winterspring, (@CGUID+226)+154),
(@scourge_winterspring, (@CGUID+226)+155),
(@scourge_winterspring, (@CGUID+226)+156),
(@scourge_winterspring, (@CGUID+226)+157),
(@scourge_winterspring, (@CGUID+226)+158),
(@scourge_winterspring, (@CGUID+226)+159),
(@scourge_winterspring, (@CGUID+226)+160),
(@scourge_winterspring, (@CGUID+226)+161),
(@scourge_winterspring, (@CGUID+226)+162),
(@scourge_winterspring, (@CGUID+226)+163),
(@scourge_winterspring, (@CGUID+226)+164),
(@scourge_winterspring, (@CGUID+226)+165),
(@scourge_winterspring, (@CGUID+226)+166),
(@scourge_winterspring, (@CGUID+226)+167),
(@scourge_winterspring, (@CGUID+226)+168),
(@scourge_winterspring, (@CGUID+226)+169),
(@scourge_winterspring, (@CGUID+226)+170),
(@scourge_winterspring, (@CGUID+226)+171),
(@scourge_winterspring, (@CGUID+226)+172),
(@scourge_winterspring, (@CGUID+226)+173),
(@scourge_winterspring, (@CGUID+226)+174),
(@scourge_winterspring, (@CGUID+226)+175),
(@scourge_winterspring, (@CGUID+226)+176),
(@scourge_winterspring, (@CGUID+226)+177),
(@scourge_winterspring, (@CGUID+226)+178),
(@scourge_winterspring, (@CGUID+226)+179),
(@scourge_winterspring, (@CGUID+226)+180),
(@scourge_winterspring, (@CGUID+226)+181),
(@scourge_winterspring, (@CGUID+226)+182),
(@scourge_winterspring, (@CGUID+226)+183),
(@scourge_winterspring, (@CGUID+226)+184),
(@scourge_winterspring, (@CGUID+226)+185),
(@scourge_winterspring, (@CGUID+226)+186),
(@scourge_winterspring, (@CGUID+226)+187),
(@scourge_winterspring, (@CGUID+226)+188),
(@scourge_winterspring, (@CGUID+226)+189),
(@scourge_winterspring, (@CGUID+226)+190),
(@scourge_winterspring, (@CGUID+226)+191),
(@scourge_winterspring, (@CGUID+226)+192),
(@scourge_winterspring, (@CGUID+226)+193),
(@scourge_winterspring, (@CGUID+226)+194),
(@scourge_winterspring, (@CGUID+226)+195),
(@scourge_winterspring, (@CGUID+226)+196),
(@scourge_winterspring, (@CGUID+226)+197),
(@scourge_winterspring, (@CGUID+226)+198),
(@scourge_winterspring, (@CGUID+226)+199),
(@scourge_winterspring, (@CGUID+226)+200),
(@scourge_winterspring, (@CGUID+226)+201),
(@scourge_winterspring, (@CGUID+226)+202),
(@scourge_winterspring, (@CGUID+226)+203),
(@scourge_winterspring, (@CGUID+226)+204),
(@scourge_winterspring, (@CGUID+226)+205),
(@scourge_winterspring, (@CGUID+226)+206),
(@scourge_winterspring, (@CGUID+226)+207),
(@scourge_winterspring, (@CGUID+226)+208),
(@scourge_winterspring, (@CGUID+226)+209),
(@scourge_winterspring, (@CGUID+226)+210),
(@scourge_winterspring, (@CGUID+226)+211),
(@scourge_winterspring, (@CGUID+226)+212),
(@scourge_winterspring, (@CGUID+226)+213),
(@scourge_winterspring, (@CGUID+226)+214),
(@scourge_winterspring, (@CGUID+226)+215),
(@scourge_winterspring, (@CGUID+226)+216),
(@scourge_winterspring, (@CGUID+226)+217),
(@scourge_winterspring, (@CGUID+226)+218),
(@scourge_winterspring, (@CGUID+226)+219),
(@scourge_winterspring, (@CGUID+226)+220),
(@scourge_winterspring, (@CGUID+226)+221),
(@scourge_winterspring, (@CGUID+226)+222),
(@scourge_winterspring, (@CGUID+226)+223),
(@scourge_winterspring, (@CGUID+226)+224),
(@scourge_winterspring, (@CGUID+226)+225),
(@scourge_winterspring, (@CGUID+226)+226),
(@scourge_winterspring, (@CGUID+226)+227),
(@scourge_winterspring, (@CGUID+226)+228),
(@scourge_winterspring, (@CGUID+226)+229),
(@scourge_winterspring, (@CGUID+226)+230),
(@scourge_winterspring, (@CGUID+226)+231),
(@scourge_winterspring, (@CGUID+226)+232),
(@scourge_winterspring, (@CGUID+226)+233),
(@scourge_winterspring, (@CGUID+226)+234),
(@scourge_winterspring, (@CGUID+226)+235),
(@scourge_winterspring, (@CGUID+226)+236),
(@scourge_winterspring, (@CGUID+226)+237),
(@scourge_winterspring, (@CGUID+226)+238),
(@scourge_winterspring, (@CGUID+226)+239),
(@scourge_winterspring, (@CGUID+226)+240),
(@scourge_winterspring, (@CGUID+226)+241),
(@scourge_winterspring, (@CGUID+226)+242),
(@scourge_winterspring, (@CGUID+226)+243),
(@scourge_winterspring, (@CGUID+226)+244),
(@scourge_winterspring, (@CGUID+226)+245);

-- Tanaris
DELETE FROM `creature` WHERE `guid` BETWEEN @CGUID+472 AND @CGUID+671 AND `id1` = 16356;
INSERT INTO `creature` (`guid`, `id1`, `map`, `spawnMask`, `phaseMask`, `position_x`, `position_y`, `position_z`, `orientation`, `spawntimesecs`, `wander_distance`, `MovementType`, `VerifiedBuild`, `Comment`) VALUES
((@CGUID+472)+000, 16356, 1, 1, 1, -7613.68994140625, -3766.510009765625, 14.598899841308594, 3.0368399620056152, 120, 0.0, 0, 0, ''),
((@CGUID+472)+001, 16356, 1, 1, 1, -7653.080078125, -3726.1899414062495, 25.127199172973636, 5.5326900482177725, 120, 0.0, 0, 0, ''),
((@CGUID+472)+002, 16356, 1, 1, 1, -7655.669921875, -3714.2700195312495, 24.495500564575195, 1.3788100481033323, 120, 0.0, 0, 0, ''),
((@CGUID+472)+003, 16356, 1, 1, 1, -7659.06982421875, -3736.7099609375, 25.77939987182617, 1.8849500417709353, 120, 0.0, 0, 0, ''),
((@CGUID+472)+004, 16356, 1, 1, 1, -7661.950195312499, -3727.530029296875, 26.872499465942383, 2.809969902038574, 120, 0.0, 0, 0, ''),
((@CGUID+472)+005, 16356, 1, 1, 1, -8123.68017578125, -3817.0400390625, 12.348299980163574, 2.809969902038574, 120, 0.0, 0, 0, ''),
((@CGUID+472)+006, 16356, 1, 1, 1, -8132.47998046875, -3789.3798828125, 12.475299835205078, 4.066619873046875, 120, 0.0, 0, 0, ''),
((@CGUID+472)+007, 16356, 1, 1, 1, -8133.39990234375, -3803.2099609375, 12.242199897766112, 1.8849500417709353, 120, 0.0, 0, 0, ''),
((@CGUID+472)+008, 16356, 1, 1, 1, -8138.02001953125, -3827.969970703125, 15.493300437927246, 1.3788100481033323, 120, 0.0, 0, 0, ''),
((@CGUID+472)+009, 16356, 1, 1, 1, -8143.169921875, -3775.3100585937505, 12.853899955749512, 4.206250190734863, 120, 0.0, 0, 0, ''),
((@CGUID+472)+010, 16356, 1, 1, 1, -8143.77001953125, -3815.969970703125, 14.830900192260742, 5.5326900482177725, 120, 0.0, 0, 0, ''),
((@CGUID+472)+011, 16356, 1, 1, 1, -8146.27978515625, -3789.860107421875, 12.5649995803833, 0.5061450004577637, 120, 0.0, 0, 0, ''),
((@CGUID+472)+012, 16356, 1, 1, 1, -8150.56982421875, -3803.010009765625, 14.150099754333496, 2.007129907608032, 120, 0.0, 0, 0, ''),
((@CGUID+472)+013, 16356, 1, 1, 1, -8150.950195312499, -3838.639892578125, 15.23989963531494, 4.468039989471436, 120, 0.0, 0, 0, ''),
((@CGUID+472)+014, 16356, 1, 1, 1, -7650.740234375, -3757.320068359375, 21.7677001953125, 3.141590118408203, 120, 0.0, 0, 0, ''),
((@CGUID+472)+015, 16356, 1, 1, 1, -7649.60009765625, -3746.090087890625, 23.85110092163086, 0.5061450004577637, 120, 0.0, 0, 0, ''),
((@CGUID+472)+016, 16356, 1, 1, 1, -7648.75, -3736.260009765625, 24.71030044555664, 5.201079845428467, 120, 0.0, 0, 0, ''),
((@CGUID+472)+017, 16356, 1, 1, 1, -7614.919921875, -3753.1899414062495, 16.255699157714844, 5.4977898597717285, 120, 0.0, 0, 0, ''),
((@CGUID+472)+018, 16356, 1, 1, 1, -7618.540039062499, -3742.159912109375, 17.840200424194336, 0.7155849933624268, 120, 0.0, 0, 0, ''),
((@CGUID+472)+019, 16356, 1, 1, 1, -7620.14013671875, -3708.1201171875, 18.99410057067871, 0.2268929928541183, 120, 0.0, 0, 0, ''),
((@CGUID+472)+020, 16356, 1, 1, 1, -7622.81982421875, -3722.1499023437505, 18.03160095214844, 2.2340199947357178, 120, 0.0, 0, 0, ''),
((@CGUID+472)+021, 16356, 1, 1, 1, -7627.58984375, -3763.219970703125, 17.703800201416016, 3.26377010345459, 120, 0.0, 0, 0, ''),
((@CGUID+472)+022, 16356, 1, 1, 1, -7628.52001953125, -3751.7900390625, 19.56629943847656, 1.8674999475479128, 120, 0.0, 0, 0, ''),
((@CGUID+472)+023, 16356, 1, 1, 1, -7633.43994140625, -3698.2299804687505, 20.70829963684082, 5.811950206756592, 120, 0.0, 0, 0, ''),
((@CGUID+472)+024, 16356, 1, 1, 1, -7634.080078125, -3713.6499023437505, 19.35400009155273, 4.049170017242432, 120, 0.0, 0, 0, ''),
((@CGUID+472)+025, 16356, 1, 1, 1, -7639.10009765625, -3743.7900390625, 22.68320083618164, 5.6374101638793945, 120, 0.0, 0, 0, ''),
((@CGUID+472)+026, 16356, 1, 1, 1, -7639.91015625, -3753.530029296875, 21.473300933837887, 6.24828004837036, 120, 0.0, 0, 0, ''),
((@CGUID+472)+027, 16356, 1, 1, 1, -7643.14990234375, -3726.3798828125, 22.725500106811523, 4.049170017242432, 120, 0.0, 0, 0, ''),
((@CGUID+472)+028, 16356, 1, 1, 1, -7645.200195312499, -3712.389892578125, 21.23550033569336, 1.9547699689865112, 120, 0.0, 0, 0, ''),
((@CGUID+472)+029, 16356, 1, 1, 1, -7646.509765625, -3698.159912109375, 21.88520050048828, 4.468039989471436, 120, 0.0, 0, 0, ''),
((@CGUID+472)+030, 16356, 1, 1, 1, -8153.06982421875, -3825.889892578125, 15.791199684143066, 1.9547699689865112, 120, 0.0, 0, 0, ''),
((@CGUID+472)+031, 16356, 1, 1, 1, -8156.68994140625, -3765.659912109375, 13.238200187683104, 4.031710147857666, 120, 0.0, 0, 0, ''),
((@CGUID+472)+032, 16356, 1, 1, 1, -8157.870117187501, -3779.6899414062495, 12.99899959564209, 6.24828004837036, 120, 0.0, 0, 0, ''),
((@CGUID+472)+033, 16356, 1, 1, 1, -8290.0302734375, -4207.5498046875, 8.683070182800293, 4.468039989471436, 120, 0.0, 0, 0, ''),
((@CGUID+472)+034, 16356, 1, 1, 1, -8294.5400390625, -4177.9599609375, 8.666609764099121, 1.3788100481033323, 120, 0.0, 0, 0, ''),
((@CGUID+472)+035, 16356, 1, 1, 1, -8299.23046875, -4196.1201171875, 9.598050117492676, 1.85004997253418, 120, 0.0, 0, 0, ''),
((@CGUID+472)+036, 16356, 1, 1, 1, -8304.1396484375, -4227.68994140625, 8.961099624633789, 3.141590118408203, 120, 0.0, 0, 0, ''),
((@CGUID+472)+037, 16356, 1, 1, 1, -8306.8798828125, -4210.41015625, 9.924289703369139, 1.099560022354126, 120, 0.0, 0, 0, ''),
((@CGUID+472)+038, 16356, 1, 1, 1, -8309.509765625, -4162.990234375, 10.056599617004396, 2.809969902038574, 120, 0.0, 0, 0, ''),
((@CGUID+472)+039, 16356, 1, 1, 1, -8312.5302734375, -4185.7998046875, 11.8572998046875, 1.9547699689865112, 120, 0.0, 0, 0, ''),
((@CGUID+472)+040, 16356, 1, 1, 1, -8313.990234375, -4199.830078125, 11.347700119018556, 5.201079845428467, 120, 0.0, 0, 0, ''),
((@CGUID+472)+041, 16356, 1, 1, 1, -8317.9697265625, -4225.89990234375, 11.131099700927734, 5.4977898597717285, 120, 0.0, 0, 0, ''),
((@CGUID+472)+042, 16356, 1, 1, 1, -8321.76953125, -4211.240234375, 11.494999885559082, 4.049170017242432, 120, 0.0, 0, 0, ''),
((@CGUID+472)+043, 16356, 1, 1, 1, -8322.669921875, -4151.77978515625, 10.264200210571287, 4.066619873046875, 120, 0.0, 0, 0, ''),
((@CGUID+472)+044, 16356, 1, 1, 1, -8324.41015625, -4177.4599609375, 12.956700325012209, 5.5326900482177725, 120, 0.0, 0, 0, ''),
((@CGUID+472)+045, 16356, 1, 1, 1, -8326.099609375, -4190.56005859375, 12.619199752807615, 5.6374101638793945, 120, 0.0, 0, 0, ''),
((@CGUID+472)+046, 16356, 1, 1, 1, -8202.4599609375, -3804.1298828125, 10.893799781799316, 1.85004997253418, 120, 0.0, 0, 0, ''),
((@CGUID+472)+047, 16356, 1, 1, 1, -8195.4599609375, -3781.2299804687505, 16.136499404907227, 3.141590118408203, 120, 0.0, 0, 0, ''),
((@CGUID+472)+048, 16356, 1, 1, 1, -8192.9296875, -3832.199951171875, 9.10186004638672, 3.0368399620056152, 120, 0.0, 0, 0, ''),
((@CGUID+472)+049, 16356, 1, 1, 1, -8157.91015625, -3812.9599609375, 15.470000267028809, 0.7155849933624268, 120, 0.0, 0, 0, ''),
((@CGUID+472)+050, 16356, 1, 1, 1, -8160.06005859375, -3793.2099609375, 14.14579963684082, 2.2340199947357178, 120, 0.0, 0, 0, ''),
((@CGUID+472)+051, 16356, 1, 1, 1, -8164.47998046875, -3840.639892578125, 12.423199653625488, 5.811950206756592, 120, 0.0, 0, 0, ''),
((@CGUID+472)+052, 16356, 1, 1, 1, -8165.72021484375, -3823.4799804687505, 14.475799560546877, 1.8674999475479128, 120, 0.0, 0, 0, ''),
((@CGUID+472)+053, 16356, 1, 1, 1, -8170.39990234375, -3769.4599609375, 14.008099555969238, 3.26377010345459, 120, 0.0, 0, 0, ''),
((@CGUID+472)+054, 16356, 1, 1, 1, -8171.129882812499, -3783.949951171875, 14.989399909973145, 4.049170017242432, 120, 0.0, 0, 0, ''),
((@CGUID+472)+055, 16356, 1, 1, 1, -8176.620117187501, -3816.159912109375, 13.455599784851074, 5.6374101638793945, 120, 0.0, 0, 0, ''),
((@CGUID+472)+056, 16356, 1, 1, 1, -8178.18994140625, -3829.830078125, 11.37049961090088, 0.2268929928541183, 120, 0.0, 0, 0, ''),
((@CGUID+472)+057, 16356, 1, 1, 1, -8179.10009765625, -3794.719970703125, 15.37440013885498, 4.049170017242432, 120, 0.0, 0, 0, ''),
((@CGUID+472)+058, 16356, 1, 1, 1, -8183.669921875, -3783.8100585937505, 16.33209991455078, 5.4977898597717285, 120, 0.0, 0, 0, ''),
((@CGUID+472)+059, 16356, 1, 1, 1, -8186.830078125, -3807.780029296875, 12.840900421142578, 5.201079845428467, 120, 0.0, 0, 0, ''),
((@CGUID+472)+060, 16356, 1, 1, 1, -8189.240234375, -3820.070068359375, 10.739399909973145, 4.468039989471436, 120, 0.0, 0, 0, ''),
((@CGUID+472)+061, 16356, 1, 1, 1, -8191.129882812499, -3792.800048828125, 14.82699966430664, 1.099560022354126, 120, 0.0, 0, 0, ''),
((@CGUID+472)+062, 16356, 1, 1, 1, -8330.8203125, -4240.35009765625, 12.449299812316896, 5.811950206756592, 120, 0.0, 0, 0, ''),
((@CGUID+472)+063, 16356, 1, 1, 1, -7218.93994140625, -3544.25, 12.063599586486816, 4.468039989471436, 120, 0.0, 0, 0, ''),
((@CGUID+472)+064, 16356, 1, 1, 1, -7256.64013671875, -3513.719970703125, 11.90590000152588, 4.468039989471436, 120, 0.0, 0, 0, ''),
((@CGUID+472)+065, 16356, 1, 1, 1, -7258.43994140625, -3562.489990234375, 10.49370002746582, 3.26377010345459, 120, 0.0, 0, 0, ''),
((@CGUID+472)+066, 16356, 1, 1, 1, -7259.759765625, -3575.320068359375, 9.33800983428955, 3.0368399620056152, 120, 0.0, 0, 0, ''),
((@CGUID+472)+067, 16356, 1, 1, 1, -7260.919921875, -3543.110107421875, 12.574799537658691, 1.8674999475479128, 120, 0.0, 0, 0, ''),
((@CGUID+472)+068, 16356, 1, 1, 1, -7263.97998046875, -3533.8701171875, 12.919099807739258, 1.8849500417709353, 120, 0.0, 0, 0, ''),
((@CGUID+472)+069, 16356, 1, 1, 1, -7265.0, -3523.320068359375, 12.915399551391602, 1.3788100481033323, 120, 0.0, 0, 0, ''),
((@CGUID+472)+070, 16356, 1, 1, 1, -7266.56982421875, -3554.31005859375, 10.032600402832031, 6.24828004837036, 120, 0.0, 0, 0, ''),
((@CGUID+472)+071, 16356, 1, 1, 1, -7268.31005859375, -3567.27001953125, 8.981880187988281, 4.206250190734863, 120, 0.0, 0, 0, ''),
((@CGUID+472)+072, 16356, 1, 1, 1, -7272.66015625, -3543.489990234375, 10.743800163269045, 0.5061450004577637, 120, 0.0, 0, 0, ''),
((@CGUID+472)+073, 16356, 1, 1, 1, -7275.22021484375, -3531.919921875, 11.875499725341797, 2.809969902038574, 120, 0.0, 0, 0, ''),
((@CGUID+472)+074, 16356, 1, 1, 1, -7277.209960937501, -3552.659912109375, 8.59922981262207, 4.066619873046875, 120, 0.0, 0, 0, ''),
((@CGUID+472)+075, 16356, 1, 1, 1, -7299.75, -3971.2900390625, 10.142499923706056, 0.5061450004577637, 120, 0.0, 0, 0, ''),
((@CGUID+472)+076, 16356, 1, 1, 1, -7306.81982421875, -3949.610107421875, 11.547100067138672, 3.0368399620056152, 120, 0.0, 0, 0, ''),
((@CGUID+472)+077, 16356, 1, 1, 1, -7256.06005859375, -3524.9599609375, 13.066399574279783, 5.5326900482177725, 120, 0.0, 0, 0, ''),
((@CGUID+472)+078, 16356, 1, 1, 1, -7255.169921875, -3535.14990234375, 13.410900115966797, 5.6374101638793945, 120, 0.0, 0, 0, ''),
((@CGUID+472)+079, 16356, 1, 1, 1, -7254.990234375, -3551.949951171875, 12.340999603271484, 0.7155849933624268, 120, 0.0, 0, 0, ''),
((@CGUID+472)+080, 16356, 1, 1, 1, -7226.049804687501, -3532.64990234375, 11.829299926757812, 0.2268929928541183, 120, 0.0, 0, 0, ''),
((@CGUID+472)+081, 16356, 1, 1, 1, -7226.60009765625, -3565.820068359375, 13.060099601745604, 3.141590118408203, 120, 0.0, 0, 0, ''),
((@CGUID+472)+082, 16356, 1, 1, 1, -7227.97998046875, -3553.68994140625, 13.339400291442873, 1.85004997253418, 120, 0.0, 0, 0, ''),
((@CGUID+472)+083, 16356, 1, 1, 1, -7231.06005859375, -3542.699951171875, 13.244500160217283, 4.049170017242432, 120, 0.0, 0, 0, ''),
((@CGUID+472)+084, 16356, 1, 1, 1, -7234.27978515625, -3523.68994140625, 11.713299751281738, 5.811950206756592, 120, 0.0, 0, 0, ''),
((@CGUID+472)+085, 16356, 1, 1, 1, -7236.959960937501, -3534.5400390625, 13.086099624633787, 4.049170017242432, 120, 0.0, 0, 0, ''),
((@CGUID+472)+086, 16356, 1, 1, 1, -7238.60009765625, -3551.889892578125, 13.601900100708008, 2.2340199947357178, 120, 0.0, 0, 0, ''),
((@CGUID+472)+087, 16356, 1, 1, 1, -7238.77001953125, -3562.68994140625, 12.844799995422363, 1.099560022354126, 120, 0.0, 0, 0, ''),
((@CGUID+472)+088, 16356, 1, 1, 1, -7239.629882812499, -3575.090087890625, 11.33549976348877, 4.031710147857666, 120, 0.0, 0, 0, ''),
((@CGUID+472)+089, 16356, 1, 1, 1, -7244.27978515625, -3515.06005859375, 11.38819980621338, 1.9547699689865112, 120, 0.0, 0, 0, ''),
((@CGUID+472)+090, 16356, 1, 1, 1, -7246.259765625, -3528.719970703125, 13.134699821472168, 5.201079845428467, 120, 0.0, 0, 0, ''),
((@CGUID+472)+091, 16356, 1, 1, 1, -7248.58984375, -3560.159912109375, 12.19260025024414, 2.007129907608032, 120, 0.0, 0, 0, ''),
((@CGUID+472)+092, 16356, 1, 1, 1, -7251.02978515625, -3573.52001953125, 10.220100402832031, 5.4977898597717285, 120, 0.0, 0, 0, ''),
((@CGUID+472)+093, 16356, 1, 1, 1, -7308.68994140625, -3959.179931640625, 10.504799842834473, 1.8849500417709353, 120, 0.0, 0, 0, ''),
((@CGUID+472)+094, 16356, 1, 1, 1, -7308.93994140625, -3980.610107421875, 10.365500450134276, 5.811950206756592, 120, 0.0, 0, 0, ''),
((@CGUID+472)+095, 16356, 1, 1, 1, -7311.68994140625, -3968.4599609375, 9.964369773864746, 4.049170017242432, 120, 0.0, 0, 0, ''),
((@CGUID+472)+096, 16356, 1, 1, 1, -7346.60986328125, -3957.989990234375, 9.514860153198242, 3.26377010345459, 120, 0.0, 0, 0, ''),
((@CGUID+472)+097, 16356, 1, 1, 1, -7347.72998046875, -3978.610107421875, 9.649089813232422, 1.099560022354126, 120, 0.0, 0, 0, ''),
((@CGUID+472)+098, 16356, 1, 1, 1, -7348.709960937501, -3948.030029296875, 11.530699729919434, 4.066619873046875, 120, 0.0, 0, 0, ''),
((@CGUID+472)+099, 16356, 1, 1, 1, -7349.549804687501, -3989.3100585937505, 10.314499855041504, 1.3788100481033323, 120, 0.0, 0, 0, ''),
((@CGUID+472)+100, 16356, 1, 1, 1, -7354.06982421875, -3968.469970703125, 9.260890007019043, 5.4977898597717285, 120, 0.0, 0, 0, ''),
((@CGUID+472)+101, 16356, 1, 1, 1, -7356.549804687501, -3958.050048828125, 10.237099647521973, 4.206250190734863, 120, 0.0, 0, 0, ''),
((@CGUID+472)+102, 16356, 1, 1, 1, -7356.580078125, -3978.4599609375, 9.93593978881836, 2.809969902038574, 120, 0.0, 0, 0, ''),
((@CGUID+472)+103, 16356, 1, 1, 1, -7588.72021484375, -3744.070068359375, 12.784500122070312, 4.066619873046875, 120, 0.0, 0, 0, ''),
((@CGUID+472)+104, 16356, 1, 1, 1, -7592.56005859375, -3732.580078125, 14.979499816894531, 1.85004997253418, 120, 0.0, 0, 0, ''),
((@CGUID+472)+105, 16356, 1, 1, 1, -7599.77978515625, -3755.2299804687505, 12.46150016784668, 4.206250190734863, 120, 0.0, 0, 0, ''),
((@CGUID+472)+106, 16356, 1, 1, 1, -7603.879882812499, -3743.4399414062495, 14.793700218200684, 1.099560022354126, 120, 0.0, 0, 0, ''),
((@CGUID+472)+107, 16356, 1, 1, 1, -7606.450195312499, -3707.070068359375, 17.959999084472656, 4.031710147857666, 120, 0.0, 0, 0, ''),
((@CGUID+472)+108, 16356, 1, 1, 1, -7607.490234375, -3719.280029296875, 17.47439956665039, 4.468039989471436, 120, 0.0, 0, 0, ''),
((@CGUID+472)+109, 16356, 1, 1, 1, -7343.18994140625, -3968.5400390625, 9.558520317077635, 1.8674999475479128, 120, 0.0, 0, 0, ''),
((@CGUID+472)+110, 16356, 1, 1, 1, -7341.129882812499, -3938.260009765625, 12.67959976196289, 3.141590118408203, 120, 0.0, 0, 0, ''),
((@CGUID+472)+111, 16356, 1, 1, 1, -7339.89990234375, -3949.1499023437505, 10.700300216674805, 6.24828004837036, 120, 0.0, 0, 0, ''),
((@CGUID+472)+112, 16356, 1, 1, 1, -7317.509765625, -3948.8500976562495, 11.06820011138916, 5.5326900482177725, 120, 0.0, 0, 0, ''),
((@CGUID+472)+113, 16356, 1, 1, 1, -7318.97998046875, -3959.4599609375, 10.032600402832031, 4.049170017242432, 120, 0.0, 0, 0, ''),
((@CGUID+472)+114, 16356, 1, 1, 1, -7319.240234375, -3938.449951171875, 12.192700386047363, 4.031710147857666, 120, 0.0, 0, 0, ''),
((@CGUID+472)+115, 16356, 1, 1, 1, -7319.5, -3989.139892578125, 12.53600025177002, 0.2268929928541183, 120, 0.0, 0, 0, ''),
((@CGUID+472)+116, 16356, 1, 1, 1, -7319.64013671875, -3977.8100585937505, 11.713899612426758, 2.2340199947357178, 120, 0.0, 0, 0, ''),
((@CGUID+472)+117, 16356, 1, 1, 1, -7327.47998046875, -3999.139892578125, 11.504899978637695, 4.468039989471436, 120, 0.0, 0, 0, ''),
((@CGUID+472)+118, 16356, 1, 1, 1, -7328.43017578125, -3987.7299804687505, 12.035099983215332, 2.007129907608032, 120, 0.0, 0, 0, ''),
((@CGUID+472)+119, 16356, 1, 1, 1, -7328.97998046875, -3952.590087890625, 10.22249984741211, 5.201079845428467, 120, 0.0, 0, 0, ''),
((@CGUID+472)+120, 16356, 1, 1, 1, -7330.959960937501, -3940.3701171875, 12.31369972229004, 1.9547699689865112, 120, 0.0, 0, 0, ''),
((@CGUID+472)+121, 16356, 1, 1, 1, -7336.370117187501, -3979.780029296875, 11.188599586486816, 0.7155849933624268, 120, 0.0, 0, 0, ''),
((@CGUID+472)+122, 16356, 1, 1, 1, -7337.169921875, -3960.3500976562495, 9.557140350341795, 5.6374101638793945, 120, 0.0, 0, 0, ''),
((@CGUID+472)+123, 16356, 1, 1, 1, -7337.81982421875, -3989.840087890625, 10.55150032043457, 1.85004997253418, 120, 0.0, 0, 0, ''),
((@CGUID+472)+124, 16356, 1, 1, 1, -7338.790039062499, -4001.610107421875, 11.086899757385254, 4.468039989471436, 120, 0.0, 0, 0, ''),
((@CGUID+472)+125, 16356, 1, 1, 1, -7609.509765625, -3731.7099609375, 16.535900115966797, 2.007129907608032, 120, 0.0, 0, 0, ''),
((@CGUID+472)+126, 16356, 1, 1, 1, -8526.1796875, -2323.52001953125, 32.468799591064446, 6.24828004837036, 120, 0.0, 0, 0, ''),
((@CGUID+472)+127, 16356, 1, 1, 1, -8546.580078125, -2300.080078125, 27.482999801635746, 5.6374101638793945, 120, 0.0, 0, 0, ''),
((@CGUID+472)+128, 16356, 1, 1, 1, -8546.7099609375, -2287.25, 26.50239944458008, 5.201079845428467, 120, 0.0, 0, 0, ''),
((@CGUID+472)+129, 16356, 1, 1, 1, -8550.6201171875, -2674.02001953125, 24.400400161743164, 4.468039989471436, 120, 0.0, 0, 0, ''),
((@CGUID+472)+130, 16356, 1, 1, 1, -8551.26953125, -2696.89990234375, 19.51449966430664, 4.049170017242432, 120, 0.0, 0, 0, ''),
((@CGUID+472)+131, 16356, 1, 1, 1, -8553.099609375, -2325.860107421875, 28.73349952697754, 1.8849500417709353, 120, 0.0, 0, 0, ''),
((@CGUID+472)+132, 16356, 1, 1, 1, -8554.3095703125, -2270.4599609375, 25.582199096679688, 4.206250190734863, 120, 0.0, 0, 0, ''),
((@CGUID+472)+133, 16356, 1, 1, 1, -8554.599609375, -2711.139892578125, 18.120399475097656, 1.9547699689865112, 120, 0.0, 0, 0, ''),
((@CGUID+472)+134, 16356, 1, 1, 1, -8554.919921875, -2294.239990234375, 26.140600204467773, 1.9547699689865112, 120, 0.0, 0, 0, ''),
((@CGUID+472)+135, 16356, 1, 1, 1, -8556.1298828125, -2725.64990234375, 16.81570053100586, 1.3788100481033323, 120, 0.0, 0, 0, ''),
((@CGUID+472)+136, 16356, 1, 1, 1, -8556.259765625, -2309.3701171875, 27.14970016479492, 5.5326900482177725, 120, 0.0, 0, 0, ''),
((@CGUID+472)+137, 16356, 1, 1, 1, -8557.0703125, -2280.719970703125, 25.183799743652344, 5.811950206756592, 120, 0.0, 0, 0, ''),
((@CGUID+472)+138, 16356, 1, 1, 1, -8560.5498046875, -2681.989990234375, 20.830499649047848, 0.2268929928541183, 120, 0.0, 0, 0, ''),
((@CGUID+472)+139, 16356, 1, 1, 1, -8567.419921875, -2321.6201171875, 27.46310043334961, 3.141590118408203, 120, 0.0, 0, 0, ''),
((@CGUID+472)+140, 16356, 1, 1, 1, -8545.6904296875, -2313.159912109375, 28.638399124145508, 1.8674999475479128, 120, 0.0, 0, 0, ''),
((@CGUID+472)+141, 16356, 1, 1, 1, -8544.330078125, -2259.919921875, 26.628400802612305, 4.031710147857666, 120, 0.0, 0, 0, ''),
((@CGUID+472)+142, 16356, 1, 1, 1, -8543.900390625, -2274.419921875, 26.078800201416016, 0.2268929928541183, 120, 0.0, 0, 0, ''),
((@CGUID+472)+143, 16356, 1, 1, 1, -8530.5400390625, -2734.300048828125, 16.497600555419922, 1.8849500417709353, 120, 0.0, 0, 0, ''),
((@CGUID+472)+144, 16356, 1, 1, 1, -8530.83984375, -2267.820068359375, 26.257400512695312, 4.468039989471436, 120, 0.0, 0, 0, ''),
((@CGUID+472)+145, 16356, 1, 1, 1, -8531.1103515625, -2716.610107421875, 19.11479949951172, 5.6374101638793945, 120, 0.0, 0, 0, ''),
((@CGUID+472)+146, 16356, 1, 1, 1, -8532.5595703125, -2335.8798828125, 32.743499755859375, 2.809969902038574, 120, 0.0, 0, 0, ''),
((@CGUID+472)+147, 16356, 1, 1, 1, -8533.400390625, -2311.169921875, 30.137399673461918, 0.7155849933624268, 120, 0.0, 0, 0, ''),
((@CGUID+472)+148, 16356, 1, 1, 1, -8535.7900390625, -2661.389892578125, 29.053300857543945, 1.85004997253418, 120, 0.0, 0, 0, ''),
((@CGUID+472)+149, 16356, 1, 1, 1, -8536.0, -2284.8798828125, 27.154699325561523, 4.049170017242432, 120, 0.0, 0, 0, ''),
((@CGUID+472)+150, 16356, 1, 1, 1, -8536.4697265625, -2680.3798828125, 25.255199432373047, 2.2340199947357178, 120, 0.0, 0, 0, ''),
((@CGUID+472)+151, 16356, 1, 1, 1, -8538.169921875, -2323.669921875, 30.669500350952152, 0.5061450004577637, 120, 0.0, 0, 0, ''),
((@CGUID+472)+152, 16356, 1, 1, 1, -8540.6396484375, -2708.68994140625, 19.061899185180664, 5.201079845428467, 120, 0.0, 0, 0, ''),
((@CGUID+472)+153, 16356, 1, 1, 1, -8543.01953125, -2741.27001953125, 15.714300155639648, 2.809969902038574, 120, 0.0, 0, 0, ''),
((@CGUID+472)+154, 16356, 1, 1, 1, -8543.1796875, -2688.590087890625, 22.267900466918945, 4.049170017242432, 120, 0.0, 0, 0, ''),
((@CGUID+472)+155, 16356, 1, 1, 1, -8543.75, -2723.52001953125, 17.303199768066406, 5.5326900482177725, 120, 0.0, 0, 0, ''),
((@CGUID+472)+156, 16356, 1, 1, 1, -8567.9501953125, -2291.89990234375, 24.45890045166016, 4.468039989471436, 120, 0.0, 0, 0, ''),
((@CGUID+472)+157, 16356, 1, 1, 1, -8568.3701171875, -2695.8701171875, 18.694099426269528, 5.811950206756592, 120, 0.0, 0, 0, ''),
((@CGUID+472)+158, 16356, 1, 1, 1, -8568.3896484375, -2710.219970703125, 17.440399169921875, 4.468039989471436, 120, 0.0, 0, 0, ''),
((@CGUID+472)+159, 16356, 1, 1, 1, -8843.740234375, -2589.909912109375, 20.3794002532959, 2.007129907608032, 120, 0.0, 0, 0, ''),
((@CGUID+472)+160, 16356, 1, 1, 1, -8844.400390625, -2576.93994140625, 18.764900207519528, 1.9547699689865112, 120, 0.0, 0, 0, ''),
((@CGUID+472)+161, 16356, 1, 1, 1, -8844.51953125, -2638.3798828125, 23.013500213623047, 4.206250190734863, 120, 0.0, 0, 0, ''),
((@CGUID+472)+162, 16356, 1, 1, 1, -8847.33984375, -2563.919921875, 17.04640007019043, 3.0368399620056152, 120, 0.0, 0, 0, ''),
((@CGUID+472)+163, 16356, 1, 1, 1, -8849.51953125, -2601.3798828125, 21.168300628662113, 5.201079845428467, 120, 0.0, 0, 0, ''),
((@CGUID+472)+164, 16356, 1, 1, 1, -8852.7900390625, -2614.89990234375, 21.555599212646484, 0.5061450004577637, 120, 0.0, 0, 0, ''),
((@CGUID+472)+165, 16356, 1, 1, 1, -8854.669921875, -2627.7900390625, 21.602500915527344, 4.066619873046875, 120, 0.0, 0, 0, ''),
((@CGUID+472)+166, 16356, 1, 1, 1, -8855.3095703125, -2589.610107421875, 19.95389938354492, 5.5326900482177725, 120, 0.0, 0, 0, ''),
((@CGUID+472)+167, 16356, 1, 1, 1, -8858.1396484375, -2576.110107421875, 19.179700851440433, 4.468039989471436, 120, 0.0, 0, 0, ''),
((@CGUID+472)+168, 16356, 1, 1, 1, -8860.51953125, -2601.3798828125, 19.95170021057129, 1.8849500417709353, 120, 0.0, 0, 0, ''),
((@CGUID+472)+169, 16356, 1, 1, 1, -8866.349609375, -2591.27001953125, 18.966699600219727, 1.3788100481033323, 120, 0.0, 0, 0, ''),
((@CGUID+472)+170, 16356, 1, 1, 1, -8866.4697265625, -2614.570068359375, 19.851900100708008, 2.809969902038574, 120, 0.0, 0, 0, ''),
((@CGUID+472)+171, 16356, 1, 1, 1, -8866.9404296875, -2627.47998046875, 20.52449989318848, 3.141590118408203, 120, 0.0, 0, 0, ''),
((@CGUID+472)+172, 16356, 1, 1, 1, -8843.16015625, -2624.590087890625, 23.143199920654297, 6.24828004837036, 120, 0.0, 0, 0, ''),
((@CGUID+472)+173, 16356, 1, 1, 1, -8842.16015625, -2611.199951171875, 22.61750030517578, 1.8674999475479128, 120, 0.0, 0, 0, ''),
((@CGUID+472)+174, 16356, 1, 1, 1, -8833.580078125, -2619.840087890625, 24.00119972229004, 5.6374101638793945, 120, 0.0, 0, 0, ''),
((@CGUID+472)+175, 16356, 1, 1, 1, -8569.2099609375, -2307.800048828125, 26.14900016784668, 1.3788100481033323, 120, 0.0, 0, 0, ''),
((@CGUID+472)+176, 16356, 1, 1, 1, -8570.1201171875, -2280.409912109375, 23.90530014038086, 3.0368399620056152, 120, 0.0, 0, 0, ''),
((@CGUID+472)+177, 16356, 1, 1, 1, -8796.5498046875, -2601.580078125, 16.460399627685547, 1.85004997253418, 120, 0.0, 0, 0, ''),
((@CGUID+472)+178, 16356, 1, 1, 1, -8803.8798828125, -2588.050048828125, 14.946499824523926, 4.468039989471436, 120, 0.0, 0, 0, ''),
((@CGUID+472)+179, 16356, 1, 1, 1, -8809.919921875, -2613.550048828125, 22.482999801635746, 1.099560022354126, 120, 0.0, 0, 0, ''),
((@CGUID+472)+180, 16356, 1, 1, 1, -8813.1796875, -2600.64990234375, 20.072200775146484, 2.2340199947357178, 120, 0.0, 0, 0, ''),
((@CGUID+472)+181, 16356, 1, 1, 1, -8817.1298828125, -2574.3701171875, 14.286399841308594, 0.2268929928541183, 120, 0.0, 0, 0, ''),
((@CGUID+472)+182, 16356, 1, 1, 1, -8821.9404296875, -2588.889892578125, 18.6781005859375, 4.049170017242432, 120, 0.0, 0, 0, ''),
((@CGUID+472)+183, 16356, 1, 1, 1, -8821.9697265625, -2612.31005859375, 23.384899139404297, 4.049170017242432, 120, 0.0, 0, 0, ''),
((@CGUID+472)+184, 16356, 1, 1, 1, -8822.6201171875, -2624.800048828125, 24.921899795532227, 5.4977898597717285, 120, 0.0, 0, 0, ''),
((@CGUID+472)+185, 16356, 1, 1, 1, -8831.919921875, -2562.77001953125, 14.438400268554688, 5.811950206756592, 120, 0.0, 0, 0, ''),
((@CGUID+472)+186, 16356, 1, 1, 1, -8833.240234375, -2580.2900390625, 18.19879913330078, 0.7155849933624268, 120, 0.0, 0, 0, ''),
((@CGUID+472)+187, 16356, 1, 1, 1, -8833.2900390625, -2633.8798828125, 24.628400802612305, 3.26377010345459, 120, 0.0, 0, 0, ''),
((@CGUID+472)+188, 16356, 1, 1, 1, -8875.4697265625, -2605.14990234375, 18.612699508666992, 4.031710147857666, 120, 0.0, 0, 0, ''),
((@CGUID+472)+189, 16356, 1, 1, 1, -8331.5302734375, -4222.93994140625, 13.41230010986328, 4.049170017242432, 120, 0.0, 0, 0, ''),
((@CGUID+472)+190, 16356, 1, 1, 1, -8440.73046875, -3850.0200195312495, 13.048800468444824, 2.809969902038574, 120, 0.0, 0, 0, ''),
((@CGUID+472)+191, 16356, 1, 1, 1, -8447.66015625, -3833.820068359375, 12.34589958190918, 0.5061450004577637, 120, 0.0, 0, 0, ''),
((@CGUID+472)+192, 16356, 1, 1, 1, -8450.8203125, -3861.7700195312495, 14.041600227355955, 4.066619873046875, 120, 0.0, 0, 0, ''),
((@CGUID+472)+193, 16356, 1, 1, 1, -8453.66015625, -3796.159912109375, 10.651399612426758, 3.141590118408203, 120, 0.0, 0, 0, ''),
((@CGUID+472)+194, 16356, 1, 1, 1, -8454.8603515625, -3809.409912109375, 10.752400398254396, 3.26377010345459, 120, 0.0, 0, 0, ''),
((@CGUID+472)+195, 16356, 1, 1, 1, -8455.490234375, -3821.5200195312495, 11.621000289916992, 1.8674999475479128, 120, 0.0, 0, 0, ''),
((@CGUID+472)+196, 16356, 1, 1, 1, -8458.1396484375, -3846.840087890625, 14.102700233459473, 1.8849500417709353, 120, 0.0, 0, 0, ''),
((@CGUID+472)+197, 16356, 1, 1, 1, -8463.16015625, -3833.239990234375, 13.381699562072754, 5.6374101638793945, 120, 0.0, 0, 0, ''),
((@CGUID+472)+198, 16356, 1, 1, 1, -8463.2900390625, -3871.340087890625, 16.745399475097656, 1.3788100481033323, 120, 0.0, 0, 0, ''),
((@CGUID+472)+199, 16356, 1, 1, 1, -8468.25, -3784.739990234375, 10.605600357055664, 4.031710147857666, 120, 0.0, 0, 0, '');
DELETE FROM `game_event_creature` WHERE `eventEntry` = @scourge_tanaris AND `guid` BETWEEN (@CGUID+472) AND (@CGUID+472) + 199;
INSERT INTO `game_event_creature` (`eventEntry`, `guid`) VALUES
(@scourge_tanaris, (@CGUID+472)+000),
(@scourge_tanaris, (@CGUID+472)+001),
(@scourge_tanaris, (@CGUID+472)+002),
(@scourge_tanaris, (@CGUID+472)+003),
(@scourge_tanaris, (@CGUID+472)+004),
(@scourge_tanaris, (@CGUID+472)+005),
(@scourge_tanaris, (@CGUID+472)+006),
(@scourge_tanaris, (@CGUID+472)+007),
(@scourge_tanaris, (@CGUID+472)+008),
(@scourge_tanaris, (@CGUID+472)+009),
(@scourge_tanaris, (@CGUID+472)+010),
(@scourge_tanaris, (@CGUID+472)+011),
(@scourge_tanaris, (@CGUID+472)+012),
(@scourge_tanaris, (@CGUID+472)+013),
(@scourge_tanaris, (@CGUID+472)+014),
(@scourge_tanaris, (@CGUID+472)+015),
(@scourge_tanaris, (@CGUID+472)+016),
(@scourge_tanaris, (@CGUID+472)+017),
(@scourge_tanaris, (@CGUID+472)+018),
(@scourge_tanaris, (@CGUID+472)+019),
(@scourge_tanaris, (@CGUID+472)+020),
(@scourge_tanaris, (@CGUID+472)+021),
(@scourge_tanaris, (@CGUID+472)+022),
(@scourge_tanaris, (@CGUID+472)+023),
(@scourge_tanaris, (@CGUID+472)+024),
(@scourge_tanaris, (@CGUID+472)+025),
(@scourge_tanaris, (@CGUID+472)+026),
(@scourge_tanaris, (@CGUID+472)+027),
(@scourge_tanaris, (@CGUID+472)+028),
(@scourge_tanaris, (@CGUID+472)+029),
(@scourge_tanaris, (@CGUID+472)+030),
(@scourge_tanaris, (@CGUID+472)+031),
(@scourge_tanaris, (@CGUID+472)+032),
(@scourge_tanaris, (@CGUID+472)+033),
(@scourge_tanaris, (@CGUID+472)+034),
(@scourge_tanaris, (@CGUID+472)+035),
(@scourge_tanaris, (@CGUID+472)+036),
(@scourge_tanaris, (@CGUID+472)+037),
(@scourge_tanaris, (@CGUID+472)+038),
(@scourge_tanaris, (@CGUID+472)+039),
(@scourge_tanaris, (@CGUID+472)+040),
(@scourge_tanaris, (@CGUID+472)+041),
(@scourge_tanaris, (@CGUID+472)+042),
(@scourge_tanaris, (@CGUID+472)+043),
(@scourge_tanaris, (@CGUID+472)+044),
(@scourge_tanaris, (@CGUID+472)+045),
(@scourge_tanaris, (@CGUID+472)+046),
(@scourge_tanaris, (@CGUID+472)+047),
(@scourge_tanaris, (@CGUID+472)+048),
(@scourge_tanaris, (@CGUID+472)+049),
(@scourge_tanaris, (@CGUID+472)+050),
(@scourge_tanaris, (@CGUID+472)+051),
(@scourge_tanaris, (@CGUID+472)+052),
(@scourge_tanaris, (@CGUID+472)+053),
(@scourge_tanaris, (@CGUID+472)+054),
(@scourge_tanaris, (@CGUID+472)+055),
(@scourge_tanaris, (@CGUID+472)+056),
(@scourge_tanaris, (@CGUID+472)+057),
(@scourge_tanaris, (@CGUID+472)+058),
(@scourge_tanaris, (@CGUID+472)+059),
(@scourge_tanaris, (@CGUID+472)+060),
(@scourge_tanaris, (@CGUID+472)+061),
(@scourge_tanaris, (@CGUID+472)+062),
(@scourge_tanaris, (@CGUID+472)+063),
(@scourge_tanaris, (@CGUID+472)+064),
(@scourge_tanaris, (@CGUID+472)+065),
(@scourge_tanaris, (@CGUID+472)+066),
(@scourge_tanaris, (@CGUID+472)+067),
(@scourge_tanaris, (@CGUID+472)+068),
(@scourge_tanaris, (@CGUID+472)+069),
(@scourge_tanaris, (@CGUID+472)+070),
(@scourge_tanaris, (@CGUID+472)+071),
(@scourge_tanaris, (@CGUID+472)+072),
(@scourge_tanaris, (@CGUID+472)+073),
(@scourge_tanaris, (@CGUID+472)+074),
(@scourge_tanaris, (@CGUID+472)+075),
(@scourge_tanaris, (@CGUID+472)+076),
(@scourge_tanaris, (@CGUID+472)+077),
(@scourge_tanaris, (@CGUID+472)+078),
(@scourge_tanaris, (@CGUID+472)+079),
(@scourge_tanaris, (@CGUID+472)+080),
(@scourge_tanaris, (@CGUID+472)+081),
(@scourge_tanaris, (@CGUID+472)+082),
(@scourge_tanaris, (@CGUID+472)+083),
(@scourge_tanaris, (@CGUID+472)+084),
(@scourge_tanaris, (@CGUID+472)+085),
(@scourge_tanaris, (@CGUID+472)+086),
(@scourge_tanaris, (@CGUID+472)+087),
(@scourge_tanaris, (@CGUID+472)+088),
(@scourge_tanaris, (@CGUID+472)+089),
(@scourge_tanaris, (@CGUID+472)+090),
(@scourge_tanaris, (@CGUID+472)+091),
(@scourge_tanaris, (@CGUID+472)+092),
(@scourge_tanaris, (@CGUID+472)+093),
(@scourge_tanaris, (@CGUID+472)+094),
(@scourge_tanaris, (@CGUID+472)+095),
(@scourge_tanaris, (@CGUID+472)+096),
(@scourge_tanaris, (@CGUID+472)+097),
(@scourge_tanaris, (@CGUID+472)+098),
(@scourge_tanaris, (@CGUID+472)+099),
(@scourge_tanaris, (@CGUID+472)+100),
(@scourge_tanaris, (@CGUID+472)+101),
(@scourge_tanaris, (@CGUID+472)+102),
(@scourge_tanaris, (@CGUID+472)+103),
(@scourge_tanaris, (@CGUID+472)+104),
(@scourge_tanaris, (@CGUID+472)+105),
(@scourge_tanaris, (@CGUID+472)+106),
(@scourge_tanaris, (@CGUID+472)+107),
(@scourge_tanaris, (@CGUID+472)+108),
(@scourge_tanaris, (@CGUID+472)+109),
(@scourge_tanaris, (@CGUID+472)+110),
(@scourge_tanaris, (@CGUID+472)+111),
(@scourge_tanaris, (@CGUID+472)+112),
(@scourge_tanaris, (@CGUID+472)+113),
(@scourge_tanaris, (@CGUID+472)+114),
(@scourge_tanaris, (@CGUID+472)+115),
(@scourge_tanaris, (@CGUID+472)+116),
(@scourge_tanaris, (@CGUID+472)+117),
(@scourge_tanaris, (@CGUID+472)+118),
(@scourge_tanaris, (@CGUID+472)+119),
(@scourge_tanaris, (@CGUID+472)+120),
(@scourge_tanaris, (@CGUID+472)+121),
(@scourge_tanaris, (@CGUID+472)+122),
(@scourge_tanaris, (@CGUID+472)+123),
(@scourge_tanaris, (@CGUID+472)+124),
(@scourge_tanaris, (@CGUID+472)+125),
(@scourge_tanaris, (@CGUID+472)+126),
(@scourge_tanaris, (@CGUID+472)+127),
(@scourge_tanaris, (@CGUID+472)+128),
(@scourge_tanaris, (@CGUID+472)+129),
(@scourge_tanaris, (@CGUID+472)+130),
(@scourge_tanaris, (@CGUID+472)+131),
(@scourge_tanaris, (@CGUID+472)+132),
(@scourge_tanaris, (@CGUID+472)+133),
(@scourge_tanaris, (@CGUID+472)+134),
(@scourge_tanaris, (@CGUID+472)+135),
(@scourge_tanaris, (@CGUID+472)+136),
(@scourge_tanaris, (@CGUID+472)+137),
(@scourge_tanaris, (@CGUID+472)+138),
(@scourge_tanaris, (@CGUID+472)+139),
(@scourge_tanaris, (@CGUID+472)+140),
(@scourge_tanaris, (@CGUID+472)+141),
(@scourge_tanaris, (@CGUID+472)+142),
(@scourge_tanaris, (@CGUID+472)+143),
(@scourge_tanaris, (@CGUID+472)+144),
(@scourge_tanaris, (@CGUID+472)+145),
(@scourge_tanaris, (@CGUID+472)+146),
(@scourge_tanaris, (@CGUID+472)+147),
(@scourge_tanaris, (@CGUID+472)+148),
(@scourge_tanaris, (@CGUID+472)+149),
(@scourge_tanaris, (@CGUID+472)+150),
(@scourge_tanaris, (@CGUID+472)+151),
(@scourge_tanaris, (@CGUID+472)+152),
(@scourge_tanaris, (@CGUID+472)+153),
(@scourge_tanaris, (@CGUID+472)+154),
(@scourge_tanaris, (@CGUID+472)+155),
(@scourge_tanaris, (@CGUID+472)+156),
(@scourge_tanaris, (@CGUID+472)+157),
(@scourge_tanaris, (@CGUID+472)+158),
(@scourge_tanaris, (@CGUID+472)+159),
(@scourge_tanaris, (@CGUID+472)+160),
(@scourge_tanaris, (@CGUID+472)+161),
(@scourge_tanaris, (@CGUID+472)+162),
(@scourge_tanaris, (@CGUID+472)+163),
(@scourge_tanaris, (@CGUID+472)+164),
(@scourge_tanaris, (@CGUID+472)+165),
(@scourge_tanaris, (@CGUID+472)+166),
(@scourge_tanaris, (@CGUID+472)+167),
(@scourge_tanaris, (@CGUID+472)+168),
(@scourge_tanaris, (@CGUID+472)+169),
(@scourge_tanaris, (@CGUID+472)+170),
(@scourge_tanaris, (@CGUID+472)+171),
(@scourge_tanaris, (@CGUID+472)+172),
(@scourge_tanaris, (@CGUID+472)+173),
(@scourge_tanaris, (@CGUID+472)+174),
(@scourge_tanaris, (@CGUID+472)+175),
(@scourge_tanaris, (@CGUID+472)+176),
(@scourge_tanaris, (@CGUID+472)+177),
(@scourge_tanaris, (@CGUID+472)+178),
(@scourge_tanaris, (@CGUID+472)+179),
(@scourge_tanaris, (@CGUID+472)+180),
(@scourge_tanaris, (@CGUID+472)+181),
(@scourge_tanaris, (@CGUID+472)+182),
(@scourge_tanaris, (@CGUID+472)+183),
(@scourge_tanaris, (@CGUID+472)+184),
(@scourge_tanaris, (@CGUID+472)+185),
(@scourge_tanaris, (@CGUID+472)+186),
(@scourge_tanaris, (@CGUID+472)+187),
(@scourge_tanaris, (@CGUID+472)+188),
(@scourge_tanaris, (@CGUID+472)+189),
(@scourge_tanaris, (@CGUID+472)+190),
(@scourge_tanaris, (@CGUID+472)+191),
(@scourge_tanaris, (@CGUID+472)+192),
(@scourge_tanaris, (@CGUID+472)+193),
(@scourge_tanaris, (@CGUID+472)+194),
(@scourge_tanaris, (@CGUID+472)+195),
(@scourge_tanaris, (@CGUID+472)+196),
(@scourge_tanaris, (@CGUID+472)+197),
(@scourge_tanaris, (@CGUID+472)+198),
(@scourge_tanaris, (@CGUID+472)+199);

-- Azshara
DELETE FROM `creature` WHERE `guid` BETWEEN (@CGUID+672) AND (@CGUID+672) + 183 AND `id1` IN (16356, 16386, 16398, 16401, 16421);
INSERT INTO `creature` (`guid`, `id1`, `map`, `spawnMask`, `phaseMask`, `position_x`, `position_y`, `position_z`, `orientation`, `spawntimesecs`, `wander_distance`, `MovementType`, `VerifiedBuild`, `Comment`) VALUES
((@CGUID+672)+000, 16356, 1, 1, 1, 3533.389892578125, -4172.3701171875, 105.3280029296875, 1.8849500417709353, 120, 0.0, 0, 0, ''),
((@CGUID+672)+001, 16356, 1, 1, 1, 3518.780029296875, -5750.419921875, 5.197869777679443, 4.031710147857666, 120, 0.0, 0, 0, ''),
((@CGUID+672)+002, 16356, 1, 1, 1, 3515.60009765625, -4132.60009765625, 105.9990005493164, 4.049170017242432, 120, 0.0, 0, 0, ''),
((@CGUID+672)+003, 16356, 1, 1, 1, 3514.81005859375, -5692.85986328125, 4.268680095672607, 0.7155849933624268, 120, 0.0, 0, 0, ''),
((@CGUID+672)+004, 16356, 1, 1, 1, 3513.050048828125, -5738.56982421875, 4.134260177612305, 3.26377010345459, 120, 0.0, 0, 0, ''),
((@CGUID+672)+005, 16356, 1, 1, 1, 3511.52001953125, -4160.919921875, 105.34200286865234, 5.6374101638793945, 120, 0.0, 0, 0, ''),
((@CGUID+672)+006, 16356, 1, 1, 1, 3511.3701171875, -4193.2998046875, 100.41899871826172, 3.141590118408203, 120, 0.0, 0, 0, ''),
((@CGUID+672)+007, 16356, 1, 1, 1, 3511.2900390625, -4177.759765625, 101.6500015258789, 5.5326900482177725, 120, 0.0, 0, 0, ''),
((@CGUID+672)+008, 16356, 1, 1, 1, 3511.0, -5722.330078125, 4.773590087890625, 5.201079845428467, 120, 0.0, 0, 0, ''),
((@CGUID+672)+009, 16356, 1, 1, 1, 3519.909912109375, -4119.8798828125, 105.36699676513672, 2.809969902038574, 120, 0.0, 0, 0, ''),
((@CGUID+672)+010, 16356, 1, 1, 1, 3521.139892578125, -4171.2001953125, 103.552001953125, 2.2340199947357178, 120, 0.0, 0, 0, ''),
((@CGUID+672)+011, 16356, 1, 1, 1, 3522.7099609375, -5729.77001953125, 2.8667500019073486, 4.049170017242432, 120, 0.0, 0, 0, ''),
((@CGUID+672)+012, 16356, 1, 1, 1, 3527.919921875, -5741.4599609375, 2.530329942703247, 5.4977898597717285, 120, 0.0, 0, 0, ''),
((@CGUID+672)+013, 16356, 1, 1, 1, 3526.56005859375, -4130.81005859375, 107.41899871826172, 3.26377010345459, 120, 0.0, 0, 0, ''),
((@CGUID+672)+014, 16356, 1, 1, 1, 3525.949951171875, -5690.330078125, 5.7488698959350595, 4.049170017242432, 120, 0.0, 0, 0, ''),
((@CGUID+672)+015, 16356, 1, 1, 1, 3525.7099609375, -5702.97998046875, 5.7656002044677725, 1.8674999475479128, 120, 0.0, 0, 0, ''),
((@CGUID+672)+016, 16356, 1, 1, 1, 3524.679931640625, -4158.02978515625, 107.0709991455078, 1.8674999475479128, 120, 0.0, 0, 0, ''),
((@CGUID+672)+017, 16356, 1, 1, 1, 3524.239990234375, -4185.58984375, 102.86499786376952, 0.2268929928541183, 120, 0.0, 0, 0, ''),
((@CGUID+672)+018, 16356, 1, 1, 1, 3523.97998046875, -5675.83984375, 4.814549922943115, 4.066619873046875, 120, 0.0, 0, 0, ''),
((@CGUID+672)+019, 16356, 1, 1, 1, 3522.989990234375, -4142.81982421875, 107.55999755859376, 0.7155849933624268, 120, 0.0, 0, 0, ''),
((@CGUID+672)+020, 16356, 1, 1, 1, 3508.56005859375, -4145.31982421875, 105.70600128173828, 5.201079845428467, 120, 0.0, 0, 0, ''),
((@CGUID+672)+021, 16356, 1, 1, 1, 3508.199951171875, -5678.10986328125, 5.599470138549805, 2.809969902038574, 120, 0.0, 0, 0, ''),
((@CGUID+672)+022, 16356, 1, 1, 1, 3494.080078125, -5724.02001953125, 7.077280044555664, 0.5061450004577637, 120, 0.0, 0, 0, ''),
((@CGUID+672)+023, 16356, 1, 1, 1, 3493.7099609375, -5702.2099609375, 4.624730110168457, 5.5326900482177725, 120, 0.0, 0, 0, ''),
((@CGUID+672)+024, 16356, 1, 1, 1, 3491.64990234375, -5687.77001953125, 4.7758097648620605, 1.3788100481033323, 120, 0.0, 0, 0, ''),
((@CGUID+672)+025, 16356, 1, 1, 1, 3490.659912109375, -5733.7099609375, 7.044849872589111, 3.0368399620056152, 120, 0.0, 0, 0, ''),
((@CGUID+672)+026, 16356, 1, 1, 1, 3489.889892578125, -4127.419921875, 103.58000183105467, 4.206250190734863, 120, 0.0, 0, 0, ''),
((@CGUID+672)+027, 16356, 1, 1, 1, 3488.06005859375, -5710.97021484375, 5.988719940185547, 1.8849500417709353, 120, 0.0, 0, 0, ''),
((@CGUID+672)+028, 16356, 1, 1, 1, 3486.9599609375, -4157.97021484375, 102.62100219726562, 1.85004997253418, 120, 0.0, 0, 0, ''),
((@CGUID+672)+029, 16356, 1, 1, 1, 3482.22998046875, -4172.10986328125, 99.69460296630861, 4.031710147857666, 120, 0.0, 0, 0, ''),
((@CGUID+672)+030, 16356, 1, 1, 1, 3496.340087890625, -4145.18017578125, 103.74099731445312, 1.099560022354126, 120, 0.0, 0, 0, ''),
((@CGUID+672)+031, 16356, 1, 1, 1, 3497.389892578125, -4183.080078125, 98.52610015869139, 4.468039989471436, 120, 0.0, 0, 0, ''),
((@CGUID+672)+032, 16356, 1, 1, 1, 3498.010009765625, -4168.6201171875, 101.4739990234375, 1.9547699689865112, 120, 0.0, 0, 0, ''),
((@CGUID+672)+033, 16356, 1, 1, 1, 3507.830078125, -4123.35009765625, 103.9229965209961, 4.066619873046875, 120, 0.0, 0, 0, ''),
((@CGUID+672)+034, 16356, 1, 1, 1, 3507.800048828125, -5705.52001953125, 4.605140209197998, 5.6374101638793945, 120, 0.0, 0, 0, ''),
((@CGUID+672)+035, 16356, 1, 1, 1, 3504.389892578125, -4133.830078125, 107.5989990234375, 5.4977898597717285, 120, 0.0, 0, 0, ''),
((@CGUID+672)+036, 16356, 1, 1, 1, 3503.969970703125, -5690.89990234375, 4.517970085144043, 1.9547699689865112, 120, 0.0, 0, 0, ''),
((@CGUID+672)+037, 16356, 1, 1, 1, 3503.590087890625, -5743.56005859375, 4.93940019607544, 4.206250190734863, 120, 0.0, 0, 0, ''),
((@CGUID+672)+038, 16356, 1, 1, 1, 3501.469970703125, -5732.4501953125, 5.502389907836913, 6.24828004837036, 120, 0.0, 0, 0, ''),
((@CGUID+672)+039, 16356, 1, 1, 1, 3499.2099609375, -4155.169921875, 103.60099792480467, 2.007129907608032, 120, 0.0, 0, 0, ''),
((@CGUID+672)+040, 16356, 1, 1, 1, 3498.4599609375, -5715.919921875, 6.026549816131592, 2.007129907608032, 120, 0.0, 0, 0, ''),
((@CGUID+672)+041, 16356, 1, 1, 1, 3475.85009765625, -4132.14990234375, 108.93900299072266, 3.0368399620056152, 120, 0.0, 0, 0, ''),
((@CGUID+672)+042, 16356, 1, 1, 1, 3702.280029296875, -5548.419921875, 17.244600296020508, 4.206250190734863, 120, 0.0, 0, 0, ''),
((@CGUID+672)+043, 16356, 1, 1, 1, 3672.7900390625, -5499.77001953125, 28.358299255371094, 5.811950206756592, 120, 0.0, 0, 0, ''),
((@CGUID+672)+044, 16356, 1, 1, 1, 3670.6000976562495, -5514.9501953125, 24.145500183105472, 4.049170017242432, 120, 0.0, 0, 0, ''),
((@CGUID+672)+045, 16356, 1, 1, 1, 3666.260009765625, -5572.330078125, 15.048399925231934, 3.141590118408203, 120, 0.0, 0, 0, ''),
((@CGUID+672)+046, 16356, 1, 1, 1, 3664.2900390625, -5550.41015625, 17.95439910888672, 2.007129907608032, 120, 0.0, 0, 0, ''),
((@CGUID+672)+047, 16356, 1, 1, 1, 3662.8100585937505, -5563.0400390625, 16.374500274658203, 4.468039989471436, 120, 0.0, 0, 0, ''),
((@CGUID+672)+048, 16356, 1, 1, 1, 3660.679931640625, -5508.89013671875, 26.724000930786133, 5.4977898597717285, 120, 0.0, 0, 0, ''),
((@CGUID+672)+049, 16356, 1, 1, 1, 3658.429931640625, -5522.89990234375, 23.232200622558597, 0.7155849933624268, 120, 0.0, 0, 0, ''),
((@CGUID+672)+050, 16356, 1, 1, 1, 3654.550048828125, -5541.72021484375, 20.819000244140625, 5.201079845428467, 120, 0.0, 0, 0, ''),
((@CGUID+672)+051, 16356, 1, 1, 1, 3675.800048828125, -5542.06982421875, 18.161699295043945, 5.6374101638793945, 120, 0.0, 0, 0, ''),
((@CGUID+672)+052, 16356, 1, 1, 1, 3676.2900390625, -5565.2099609375, 14.817999839782717, 2.809969902038574, 120, 0.0, 0, 0, ''),
((@CGUID+672)+053, 16356, 1, 1, 1, 3676.530029296875, -5526.22998046875, 21.223300933837887, 1.8674999475479128, 120, 0.0, 0, 0, ''),
((@CGUID+672)+054, 16356, 1, 1, 1, 3699.760009765625, -5535.990234375, 19.66399955749512, 0.2268929928541183, 120, 0.0, 0, 0, ''),
((@CGUID+672)+055, 16356, 1, 1, 1, 3693.610107421875, -5512.009765625, 24.47010040283203, 3.0368399620056152, 120, 0.0, 0, 0, ''),
((@CGUID+672)+056, 16356, 1, 1, 1, 3690.1000976562495, -5555.259765625, 15.533499717712402, 4.066619873046875, 120, 0.0, 0, 0, ''),
((@CGUID+672)+057, 16356, 1, 1, 1, 3689.469970703125, -5523.47021484375, 22.002899169921875, 6.24828004837036, 120, 0.0, 0, 0, ''),
((@CGUID+672)+058, 16356, 1, 1, 1, 3689.030029296875, -5544.2998046875, 17.1653995513916, 0.5061450004577637, 120, 0.0, 0, 0, ''),
((@CGUID+672)+059, 16356, 1, 1, 1, 3687.0400390625, -5535.02001953125, 18.969600677490234, 2.2340199947357178, 120, 0.0, 0, 0, ''),
((@CGUID+672)+060, 16356, 1, 1, 1, 3682.1499023437505, -5513.759765625, 24.07200050354004, 3.26377010345459, 120, 0.0, 0, 0, ''),
((@CGUID+672)+061, 16356, 1, 1, 1, 3676.8999023437505, -5552.8701171875, 16.249500274658203, 1.8849500417709353, 120, 0.0, 0, 0, ''),
((@CGUID+672)+062, 16356, 1, 1, 1, 3651.639892578125, -5564.2900390625, 17.587900161743164, 4.031710147857666, 120, 0.0, 0, 0, ''),
((@CGUID+672)+063, 16356, 1, 1, 1, 3650.8100585937505, -5552.16015625, 19.352600097656246, 5.5326900482177725, 120, 0.0, 0, 0, ''),
((@CGUID+672)+064, 16356, 1, 1, 1, 3543.239990234375, -5746.64990234375, 1.8908699750900269, 3.141590118408203, 120, 0.0, 0, 0, ''),
((@CGUID+672)+065, 16356, 1, 1, 1, 3542.159912109375, -5733.0400390625, 1.7110400199890137, 1.099560022354126, 120, 0.0, 0, 0, ''),
((@CGUID+672)+066, 16356, 1, 1, 1, 3541.8798828125, -4160.509765625, 106.20500183105467, 0.5061450004577637, 120, 0.0, 0, 0, ''),
((@CGUID+672)+067, 16356, 1, 1, 1, 3539.3701171875, -4138.3701171875, 107.58200073242188, 6.24828004837036, 120, 0.0, 0, 0, ''),
((@CGUID+672)+068, 16356, 1, 1, 1, 3538.77001953125, -4126.509765625, 109.1969985961914, 1.3788100481033323, 120, 0.0, 0, 0, ''),
((@CGUID+672)+069, 16356, 1, 1, 1, 3538.72998046875, -5697.85986328125, 7.86359977722168, 0.2268929928541183, 120, 0.0, 0, 0, ''),
((@CGUID+672)+070, 16356, 1, 1, 1, 3537.47998046875, -5684.60986328125, 6.554190158843993, 4.468039989471436, 120, 0.0, 0, 0, ''),
((@CGUID+672)+071, 16356, 1, 1, 1, 3537.0, -5709.0400390625, 6.258069992065431, 2.2340199947357178, 120, 0.0, 0, 0, ''),
((@CGUID+672)+072, 16356, 1, 1, 1, 3543.47998046875, -4172.77001953125, 106.95500183105467, 5.811950206756592, 120, 0.0, 0, 0, ''),
((@CGUID+672)+073, 16356, 1, 1, 1, 3547.56005859375, -5722.0, 2.6647999286651607, 1.85004997253418, 120, 0.0, 0, 0, ''),
((@CGUID+672)+074, 16356, 1, 1, 1, 3551.489990234375, -5701.81005859375, 6.664569854736328, 5.811950206756592, 120, 0.0, 0, 0, ''),
((@CGUID+672)+075, 16356, 1, 1, 1, 3646.5200195312495, -5513.6298828125, 25.415100097656246, 1.099560022354126, 120, 0.0, 0, 0, ''),
((@CGUID+672)+076, 16356, 1, 1, 1, 3645.9799804687505, -5527.759765625, 23.37800025939941, 4.049170017242432, 120, 0.0, 0, 0, ''),
((@CGUID+672)+077, 16356, 1, 1, 1, 3642.2099609375, -5539.7001953125, 22.083999633789062, 1.9547699689865112, 120, 0.0, 0, 0, ''),
((@CGUID+672)+078, 16356, 1, 1, 1, 3637.7900390625, -5551.259765625, 20.58289909362793, 1.3788100481033323, 120, 0.0, 0, 0, ''),
((@CGUID+672)+079, 16356, 1, 1, 1, 3632.2700195312495, -5525.7001953125, 23.260499954223636, 1.85004997253418, 120, 0.0, 0, 0, ''),
((@CGUID+672)+080, 16356, 1, 1, 1, 3629.5200195312495, -5537.60009765625, 21.507799148559567, 4.468039989471436, 120, 0.0, 0, 0, ''),
((@CGUID+672)+081, 16356, 1, 1, 1, 3552.449951171875, -5712.2998046875, 4.668369770050049, 4.468039989471436, 120, 0.0, 0, 0, ''),
((@CGUID+672)+082, 16356, 1, 1, 1, 3551.89990234375, -4149.52001953125, 105.79399871826172, 4.468039989471436, 120, 0.0, 0, 0, ''),
((@CGUID+672)+083, 16356, 1, 1, 1, 3535.6298828125, -4150.14013671875, 107.27300262451172, 4.049170017242432, 120, 0.0, 0, 0, ''),
((@CGUID+672)+084, 16356, 1, 1, 1, 3334.050048828125, -4547.669921875, 97.5789031982422, 5.5326900482177725, 120, 0.0, 0, 0, ''),
((@CGUID+672)+085, 16356, 1, 1, 1, 3303.449951171875, -4537.5498046875, 94.6147003173828, 4.031710147857666, 120, 0.0, 0, 0, ''),
((@CGUID+672)+086, 16356, 1, 1, 1, 3297.06005859375, -4492.66015625, 97.77120208740233, 3.0368399620056152, 120, 0.0, 0, 0, ''),
((@CGUID+672)+087, 16356, 1, 1, 1, 3123.72998046875, -4224.919921875, 100.59700012207033, 2.809969902038574, 120, 0.0, 0, 0, ''),
((@CGUID+672)+088, 16356, 1, 1, 1, 3122.3701171875, -4198.009765625, 106.87200164794922, 4.066619873046875, 120, 0.0, 0, 0, ''),
((@CGUID+672)+089, 16356, 1, 1, 1, 3117.070068359375, -4212.52978515625, 102.37799835205078, 1.8849500417709353, 120, 0.0, 0, 0, ''),
((@CGUID+672)+090, 16356, 1, 1, 1, 3115.4599609375, -4239.169921875, 99.8939971923828, 1.3788100481033323, 120, 0.0, 0, 0, ''),
((@CGUID+672)+091, 16356, 1, 1, 1, 3111.699951171875, -4224.77001953125, 99.20809936523439, 5.5326900482177725, 120, 0.0, 0, 0, ''),
((@CGUID+672)+092, 16356, 1, 1, 1, 3107.9599609375, -4200.47021484375, 102.34400177001952, 0.5061450004577637, 120, 0.0, 0, 0, ''),
((@CGUID+672)+093, 16356, 1, 1, 1, 3303.639892578125, -4508.5, 96.84140014648439, 1.3788100481033323, 120, 0.0, 0, 0, ''),
((@CGUID+672)+094, 16356, 1, 1, 1, 3311.860107421875, -4483.8798828125, 99.99210357666016, 1.85004997253418, 120, 0.0, 0, 0, ''),
((@CGUID+672)+095, 16356, 1, 1, 1, 3317.89990234375, -4552.02978515625, 95.2772979736328, 0.2268929928541183, 120, 0.0, 0, 0, ''),
((@CGUID+672)+096, 16356, 1, 1, 1, 3333.3798828125, -4523.2001953125, 98.23819732666016, 5.6374101638793945, 120, 0.0, 0, 0, ''),
((@CGUID+672)+097, 16356, 1, 1, 1, 3332.780029296875, -5576.56982421875, 14.371600151062012, 4.066619873046875, 120, 0.0, 0, 0, ''),
((@CGUID+672)+098, 16356, 1, 1, 1, 3331.8798828125, -4510.6201171875, 97.45880126953124, 0.7155849933624268, 120, 0.0, 0, 0, ''),
((@CGUID+672)+099, 16356, 1, 1, 1, 3331.030029296875, -4484.22021484375, 98.3000030517578, 1.099560022354126, 120, 0.0, 0, 0, ''),
((@CGUID+672)+100, 16356, 1, 1, 1, 3322.0, -4535.2001953125, 97.94750213623048, 1.9547699689865112, 120, 0.0, 0, 0, ''),
((@CGUID+672)+101, 16356, 1, 1, 1, 3321.409912109375, -4519.14013671875, 98.20240020751952, 4.049170017242432, 120, 0.0, 0, 0, ''),
((@CGUID+672)+102, 16356, 1, 1, 1, 3321.14990234375, -4497.27001953125, 97.35379791259767, 5.4977898597717285, 120, 0.0, 0, 0, ''),
((@CGUID+672)+103, 16356, 1, 1, 1, 3319.639892578125, -4470.72998046875, 102.76100158691406, 4.206250190734863, 120, 0.0, 0, 0, ''),
((@CGUID+672)+104, 16356, 1, 1, 1, 3106.4599609375, -4184.5498046875, 102.51300048828124, 4.206250190734863, 120, 0.0, 0, 0, ''),
((@CGUID+672)+105, 16356, 1, 1, 1, 3105.639892578125, -4249.8798828125, 99.20420074462889, 4.468039989471436, 120, 0.0, 0, 0, ''),
((@CGUID+672)+106, 16356, 1, 1, 1, 3077.449951171875, -4255.77001953125, 97.97419738769533, 3.141590118408203, 120, 0.0, 0, 0, ''),
((@CGUID+672)+107, 16356, 1, 1, 1, 3077.050048828125, -4209.22021484375, 96.07219696044922, 1.8674999475479128, 120, 0.0, 0, 0, ''),
((@CGUID+672)+108, 16356, 1, 1, 1, 3070.300048828125, -4194.14013671875, 96.52780151367188, 5.4977898597717285, 120, 0.0, 0, 0, ''),
((@CGUID+672)+109, 16356, 1, 1, 1, 3069.669921875, -4218.8701171875, 95.39340209960938, 4.049170017242432, 120, 0.0, 0, 0, ''),
((@CGUID+672)+110, 16356, 1, 1, 1, 3068.8701171875, -4181.27978515625, 97.63919830322266, 3.0368399620056152, 120, 0.0, 0, 0, ''),
((@CGUID+672)+111, 16356, 1, 1, 1, 3064.580078125, -4231.330078125, 96.00679779052734, 4.468039989471436, 120, 0.0, 0, 0, ''),
((@CGUID+672)+112, 16356, 1, 1, 1, 3061.030029296875, -4205.14013671875, 95.34049987792967, 1.099560022354126, 120, 0.0, 0, 0, ''),
((@CGUID+672)+113, 16356, 1, 1, 1, 3054.8798828125, -4193.169921875, 96.37010192871094, 4.031710147857666, 120, 0.0, 0, 0, ''),
((@CGUID+672)+114, 16356, 1, 1, 1, 3078.050048828125, -4241.8798828125, 97.77760314941406, 0.2268929928541183, 120, 0.0, 0, 0, ''),
((@CGUID+672)+115, 16356, 1, 1, 1, 3078.860107421875, -4226.2001953125, 96.4072036743164, 0.7155849933624268, 120, 0.0, 0, 0, ''),
((@CGUID+672)+116, 16356, 1, 1, 1, 3082.929931640625, -4181.02001953125, 98.30960083007811, 3.26377010345459, 120, 0.0, 0, 0, ''),
((@CGUID+672)+117, 16356, 1, 1, 1, 3104.510009765625, -4213.2099609375, 99.7239990234375, 2.007129907608032, 120, 0.0, 0, 0, ''),
((@CGUID+672)+118, 16356, 1, 1, 1, 3101.929931640625, -4236.3798828125, 98.1520004272461, 1.9547699689865112, 120, 0.0, 0, 0, ''),
((@CGUID+672)+119, 16356, 1, 1, 1, 3097.550048828125, -4222.91015625, 97.65380096435548, 5.201079845428467, 120, 0.0, 0, 0, ''),
((@CGUID+672)+120, 16356, 1, 1, 1, 3094.070068359375, -4204.89013671875, 98.45220184326173, 5.6374101638793945, 120, 0.0, 0, 0, ''),
((@CGUID+672)+121, 16356, 1, 1, 1, 3091.280029296875, -4249.1298828125, 98.13089752197266, 5.811950206756592, 120, 0.0, 0, 0, ''),
((@CGUID+672)+122, 16356, 1, 1, 1, 3091.22998046875, -4189.77978515625, 98.91919708251952, 6.24828004837036, 120, 0.0, 0, 0, ''),
((@CGUID+672)+123, 16356, 1, 1, 1, 3089.110107421875, -4233.47021484375, 97.15339660644531, 4.049170017242432, 120, 0.0, 0, 0, ''),
((@CGUID+672)+124, 16356, 1, 1, 1, 3084.010009765625, -4199.97998046875, 98.0011978149414, 2.2340199947357178, 120, 0.0, 0, 0, ''),
((@CGUID+672)+125, 16356, 1, 1, 1, 3052.050048828125, -4218.66015625, 94.51010131835938, 1.85004997253418, 120, 0.0, 0, 0, ''),
((@CGUID+672)+126, 16356, 1, 1, 1, 3401.68994140625, -5572.06005859375, 11.127400398254396, 2.809969902038574, 120, 0.0, 0, 0, ''),
((@CGUID+672)+127, 16356, 1, 1, 1, 3374.5400390625, -4503.56982421875, 99.4529037475586, 4.066619873046875, 120, 0.0, 0, 0, ''),
((@CGUID+672)+128, 16356, 1, 1, 1, 3374.330078125, -5572.259765625, 10.264100074768066, 5.6374101638793945, 120, 0.0, 0, 0, ''),
((@CGUID+672)+129, 16356, 1, 1, 1, 3374.06005859375, -5540.740234375, 16.371299743652344, 6.24828004837036, 120, 0.0, 0, 0, ''),
((@CGUID+672)+130, 16356, 1, 1, 1, 3373.93994140625, -5559.22021484375, 12.579999923706056, 1.8674999475479128, 120, 0.0, 0, 0, ''),
((@CGUID+672)+131, 16356, 1, 1, 1, 3367.300048828125, -5602.419921875, 8.444879531860352, 3.141590118408203, 120, 0.0, 0, 0, ''),
((@CGUID+672)+132, 16356, 1, 1, 1, 3367.159912109375, -5590.0400390625, 8.40419006347656, 4.049170017242432, 120, 0.0, 0, 0, ''),
((@CGUID+672)+133, 16356, 1, 1, 1, 3367.030029296875, -5580.669921875, 9.142129898071287, 0.7155849933624268, 120, 0.0, 0, 0, ''),
((@CGUID+672)+134, 16356, 1, 1, 1, 3366.840087890625, -4551.240234375, 99.34439849853517, 5.811950206756592, 120, 0.0, 0, 0, ''),
((@CGUID+672)+135, 16356, 1, 1, 1, 3375.72998046875, -4517.18994140625, 100.53600311279295, 6.24828004837036, 120, 0.0, 0, 0, ''),
((@CGUID+672)+136, 16356, 1, 1, 1, 3378.030029296875, -5583.7099609375, 8.522290229797363, 1.9547699689865112, 120, 0.0, 0, 0, ''),
((@CGUID+672)+137, 16356, 1, 1, 1, 3378.6201171875, -5593.56982421875, 7.505370140075684, 4.468039989471436, 120, 0.0, 0, 0, ''),
((@CGUID+672)+138, 16356, 1, 1, 1, 3397.780029296875, -5563.6201171875, 12.412699699401855, 1.8849500417709353, 120, 0.0, 0, 0, ''),
((@CGUID+672)+139, 16356, 1, 1, 1, 3397.080078125, -5551.5498046875, 14.235300064086914, 3.0368399620056152, 120, 0.0, 0, 0, ''),
((@CGUID+672)+140, 16356, 1, 1, 1, 3391.47998046875, -5584.0, 8.786930084228516, 1.3788100481033323, 120, 0.0, 0, 0, ''),
((@CGUID+672)+141, 16356, 1, 1, 1, 3388.580078125, -5574.240234375, 9.891889572143555, 5.5326900482177725, 120, 0.0, 0, 0, ''),
((@CGUID+672)+142, 16356, 1, 1, 1, 3386.669921875, -5540.080078125, 16.117399215698242, 4.031710147857666, 120, 0.0, 0, 0, ''),
((@CGUID+672)+143, 16356, 1, 1, 1, 3385.699951171875, -5552.669921875, 13.727299690246582, 0.5061450004577637, 120, 0.0, 0, 0, ''),
((@CGUID+672)+144, 16356, 1, 1, 1, 3383.449951171875, -5565.490234375, 11.555299758911133, 2.2340199947357178, 120, 0.0, 0, 0, ''),
((@CGUID+672)+145, 16356, 1, 1, 1, 3380.489990234375, -4541.89013671875, 99.7030029296875, 4.468039989471436, 120, 0.0, 0, 0, ''),
((@CGUID+672)+146, 16356, 1, 1, 1, 3365.300048828125, -5550.27978515625, 14.502099990844728, 4.049170017242432, 120, 0.0, 0, 0, ''),
((@CGUID+672)+147, 16356, 1, 1, 1, 3365.1298828125, -4574.18994140625, 97.07209777832033, 3.141590118408203, 120, 0.0, 0, 0, ''),
((@CGUID+672)+148, 16356, 1, 1, 1, 3343.68994140625, -5574.3798828125, 11.664400100708008, 4.468039989471436, 120, 0.0, 0, 0, ''),
((@CGUID+672)+149, 16356, 1, 1, 1, 3343.449951171875, -5586.43994140625, 10.69950008392334, 4.206250190734863, 120, 0.0, 0, 0, ''),
((@CGUID+672)+150, 16356, 1, 1, 1, 3342.429931640625, -5554.330078125, 16.35740089416504, 1.099560022354126, 120, 0.0, 0, 0, ''),
((@CGUID+672)+151, 16356, 1, 1, 1, 3342.14990234375, -4509.72021484375, 97.58529663085938, 1.8674999475479128, 120, 0.0, 0, 0, ''),
((@CGUID+672)+152, 16356, 1, 1, 1, 3341.389892578125, -4562.7099609375, 98.1635971069336, 4.468039989471436, 120, 0.0, 0, 0, ''),
((@CGUID+672)+153, 16356, 1, 1, 1, 3340.949951171875, -4533.9501953125, 98.24430084228516, 2.007129907608032, 120, 0.0, 0, 0, ''),
((@CGUID+672)+154, 16356, 1, 1, 1, 3340.659912109375, -4470.89990234375, 99.19439697265624, 2.809969902038574, 120, 0.0, 0, 0, ''),
((@CGUID+672)+155, 16356, 1, 1, 1, 3335.969970703125, -4498.3701171875, 97.07469940185548, 4.049170017242432, 120, 0.0, 0, 0, ''),
((@CGUID+672)+156, 16356, 1, 1, 1, 3334.31005859375, -5564.919921875, 15.64210033416748, 1.85004997253418, 120, 0.0, 0, 0, ''),
((@CGUID+672)+157, 16356, 1, 1, 1, 3343.840087890625, -4521.72998046875, 98.08300018310547, 5.201079845428467, 120, 0.0, 0, 0, ''),
((@CGUID+672)+158, 16356, 1, 1, 1, 3349.3701171875, -5564.10986328125, 12.670700073242188, 2.007129907608032, 120, 0.0, 0, 0, ''),
((@CGUID+672)+159, 16356, 1, 1, 1, 3364.0, -5533.68994140625, 19.69379997253418, 3.26377010345459, 120, 0.0, 0, 0, ''),
((@CGUID+672)+160, 16356, 1, 1, 1, 3359.02001953125, -4534.83984375, 100.89099884033205, 0.5061450004577637, 120, 0.0, 0, 0, ''),
((@CGUID+672)+161, 16356, 1, 1, 1, 3358.77001953125, -5573.3798828125, 10.015299797058104, 5.201079845428467, 120, 0.0, 0, 0, ''),
((@CGUID+672)+162, 16356, 1, 1, 1, 3355.530029296875, -4514.97021484375, 99.4529037475586, 2.2340199947357178, 120, 0.0, 0, 0, ''),
((@CGUID+672)+163, 16356, 1, 1, 1, 3355.18994140625, -5583.6298828125, 9.23583984375, 0.2268929928541183, 120, 0.0, 0, 0, ''),
((@CGUID+672)+164, 16356, 1, 1, 1, 3354.800048828125, -4496.2099609375, 97.86399841308594, 3.26377010345459, 120, 0.0, 0, 0, ''),
((@CGUID+672)+165, 16356, 1, 1, 1, 3353.3798828125, -5594.22021484375, 9.274169921875, 5.811950206756592, 120, 0.0, 0, 0, ''),
((@CGUID+672)+166, 16356, 1, 1, 1, 3351.0400390625, -5543.8798828125, 18.714000701904297, 5.4977898597717285, 120, 0.0, 0, 0, ''),
((@CGUID+672)+167, 16356, 1, 1, 1, 3350.159912109375, -4550.5498046875, 99.91079711914062, 1.8849500417709353, 120, 0.0, 0, 0, ''),
((@CGUID+672)+168, 16386, 1, 1, 1, 3612.610107421875, -5566.16015625, 25.597999572753903, 2.6005399227142334, 120, 0.0, 0, 0, ''),
((@CGUID+672)+169, 16386, 1, 1, 1, 3529.6298828125, -5678.56005859375, 12.046099662780762, 2.6005399227142334, 120, 0.0, 0, 0, ''),
((@CGUID+672)+170, 16386, 1, 1, 1, 3448.659912109375, -4191.009765625, 119.20800018310548, 2.6005399227142334, 120, 0.0, 0, 0, ''),
((@CGUID+672)+171, 16386, 1, 1, 1, 3433.840087890625, -5589.8798828125, 31.020700454711918, 2.6005399227142334, 120, 0.0, 0, 0, ''),
((@CGUID+672)+172, 16386, 1, 1, 1, 3313.64990234375, -4433.72998046875, 124.36100006103516, 2.6005399227142334, 120, 0.0, 0, 0, ''),
((@CGUID+672)+173, 16386, 1, 1, 1, 3166.139892578125, -4244.18994140625, 127.34400177001952, 2.6005399227142334, 120, 0.0, 0, 0, ''),
((@CGUID+672)+174, 16398, 1, 1, 1, 3564.389892578125, -5596.77001953125, 31.257699966430664, 4.10152006149292, 27000, 0.0, 0, 0, ''),
((@CGUID+672)+175, 16398, 1, 1, 1, 3535.449951171875, -5643.02001953125, 26.57710075378418, 4.10152006149292, 27000, 0.0, 0, 0, ''),
((@CGUID+672)+176, 16398, 1, 1, 1, 3489.949951171875, -5599.4501953125, 38.56520080566406, 4.10152006149292, 27000, 0.0, 0, 0, ''),
((@CGUID+672)+177, 16398, 1, 1, 1, 3363.050048828125, -4230.81005859375, 147.6300048828125, 4.10152006149292, 27000, 0.0, 0, 0, ''),
((@CGUID+672)+178, 16398, 1, 1, 1, 3300.43994140625, -4356.97998046875, 154.45899963378906, 4.10152006149292, 27000, 0.0, 0, 0, ''),
((@CGUID+672)+179, 16398, 1, 1, 1, 3234.6298828125, -4264.3798828125, 141.23599243164062, 4.10152006149292, 27000, 0.0, 0, 0, ''),
((@CGUID+672)+180, 16401, 1, 1, 1, 3299.550048828125, -4301.2998046875, 177.89100646972656, 5.811950206756592, 120, 0.0, 0, 0, ''),
((@CGUID+672)+181, 16401, 1, 1, 1, 3544.97998046875, -5610.259765625, 67.19599914550781, 2.8274300098419194, 120, 0.0, 0, 0, ''),
((@CGUID+672)+182, 16421, 1, 1, 1, 3299.550048828125, -4301.2998046875, 177.89100646972656, 5.811950206756592, 120, 0.0, 0, 0, ''),
((@CGUID+672)+183, 16421, 1, 1, 1, 3544.97998046875, -5610.259765625, 67.19599914550781, 2.8274300098419194, 120, 0.0, 0, 0, '');
DELETE FROM `game_event_creature` WHERE `eventEntry` = @scourge_azshara AND `guid` BETWEEN (@CGUID+672) AND (@CGUID+672) + 183;
INSERT INTO `game_event_creature` (`eventEntry`, `guid`) VALUES
(@scourge_azshara, (@CGUID+672)+000),
(@scourge_azshara, (@CGUID+672)+001),
(@scourge_azshara, (@CGUID+672)+002),
(@scourge_azshara, (@CGUID+672)+003),
(@scourge_azshara, (@CGUID+672)+004),
(@scourge_azshara, (@CGUID+672)+005),
(@scourge_azshara, (@CGUID+672)+006),
(@scourge_azshara, (@CGUID+672)+007),
(@scourge_azshara, (@CGUID+672)+008),
(@scourge_azshara, (@CGUID+672)+009),
(@scourge_azshara, (@CGUID+672)+010),
(@scourge_azshara, (@CGUID+672)+011),
(@scourge_azshara, (@CGUID+672)+012),
(@scourge_azshara, (@CGUID+672)+013),
(@scourge_azshara, (@CGUID+672)+014),
(@scourge_azshara, (@CGUID+672)+015),
(@scourge_azshara, (@CGUID+672)+016),
(@scourge_azshara, (@CGUID+672)+017),
(@scourge_azshara, (@CGUID+672)+018),
(@scourge_azshara, (@CGUID+672)+019),
(@scourge_azshara, (@CGUID+672)+020),
(@scourge_azshara, (@CGUID+672)+021),
(@scourge_azshara, (@CGUID+672)+022),
(@scourge_azshara, (@CGUID+672)+023),
(@scourge_azshara, (@CGUID+672)+024),
(@scourge_azshara, (@CGUID+672)+025),
(@scourge_azshara, (@CGUID+672)+026),
(@scourge_azshara, (@CGUID+672)+027),
(@scourge_azshara, (@CGUID+672)+028),
(@scourge_azshara, (@CGUID+672)+029),
(@scourge_azshara, (@CGUID+672)+030),
(@scourge_azshara, (@CGUID+672)+031),
(@scourge_azshara, (@CGUID+672)+032),
(@scourge_azshara, (@CGUID+672)+033),
(@scourge_azshara, (@CGUID+672)+034),
(@scourge_azshara, (@CGUID+672)+035),
(@scourge_azshara, (@CGUID+672)+036),
(@scourge_azshara, (@CGUID+672)+037),
(@scourge_azshara, (@CGUID+672)+038),
(@scourge_azshara, (@CGUID+672)+039),
(@scourge_azshara, (@CGUID+672)+040),
(@scourge_azshara, (@CGUID+672)+041),
(@scourge_azshara, (@CGUID+672)+042),
(@scourge_azshara, (@CGUID+672)+043),
(@scourge_azshara, (@CGUID+672)+044),
(@scourge_azshara, (@CGUID+672)+045),
(@scourge_azshara, (@CGUID+672)+046),
(@scourge_azshara, (@CGUID+672)+047),
(@scourge_azshara, (@CGUID+672)+048),
(@scourge_azshara, (@CGUID+672)+049),
(@scourge_azshara, (@CGUID+672)+050),
(@scourge_azshara, (@CGUID+672)+051),
(@scourge_azshara, (@CGUID+672)+052),
(@scourge_azshara, (@CGUID+672)+053),
(@scourge_azshara, (@CGUID+672)+054),
(@scourge_azshara, (@CGUID+672)+055),
(@scourge_azshara, (@CGUID+672)+056),
(@scourge_azshara, (@CGUID+672)+057),
(@scourge_azshara, (@CGUID+672)+058),
(@scourge_azshara, (@CGUID+672)+059),
(@scourge_azshara, (@CGUID+672)+060),
(@scourge_azshara, (@CGUID+672)+061),
(@scourge_azshara, (@CGUID+672)+062),
(@scourge_azshara, (@CGUID+672)+063),
(@scourge_azshara, (@CGUID+672)+064),
(@scourge_azshara, (@CGUID+672)+065),
(@scourge_azshara, (@CGUID+672)+066),
(@scourge_azshara, (@CGUID+672)+067),
(@scourge_azshara, (@CGUID+672)+068),
(@scourge_azshara, (@CGUID+672)+069),
(@scourge_azshara, (@CGUID+672)+070),
(@scourge_azshara, (@CGUID+672)+071),
(@scourge_azshara, (@CGUID+672)+072),
(@scourge_azshara, (@CGUID+672)+073),
(@scourge_azshara, (@CGUID+672)+074),
(@scourge_azshara, (@CGUID+672)+075),
(@scourge_azshara, (@CGUID+672)+076),
(@scourge_azshara, (@CGUID+672)+077),
(@scourge_azshara, (@CGUID+672)+078),
(@scourge_azshara, (@CGUID+672)+079),
(@scourge_azshara, (@CGUID+672)+080),
(@scourge_azshara, (@CGUID+672)+081),
(@scourge_azshara, (@CGUID+672)+082),
(@scourge_azshara, (@CGUID+672)+083),
(@scourge_azshara, (@CGUID+672)+084),
(@scourge_azshara, (@CGUID+672)+085),
(@scourge_azshara, (@CGUID+672)+086),
(@scourge_azshara, (@CGUID+672)+087),
(@scourge_azshara, (@CGUID+672)+088),
(@scourge_azshara, (@CGUID+672)+089),
(@scourge_azshara, (@CGUID+672)+090),
(@scourge_azshara, (@CGUID+672)+091),
(@scourge_azshara, (@CGUID+672)+092),
(@scourge_azshara, (@CGUID+672)+093),
(@scourge_azshara, (@CGUID+672)+094),
(@scourge_azshara, (@CGUID+672)+095),
(@scourge_azshara, (@CGUID+672)+096),
(@scourge_azshara, (@CGUID+672)+097),
(@scourge_azshara, (@CGUID+672)+098),
(@scourge_azshara, (@CGUID+672)+099),
(@scourge_azshara, (@CGUID+672)+100),
(@scourge_azshara, (@CGUID+672)+101),
(@scourge_azshara, (@CGUID+672)+102),
(@scourge_azshara, (@CGUID+672)+103),
(@scourge_azshara, (@CGUID+672)+104),
(@scourge_azshara, (@CGUID+672)+105),
(@scourge_azshara, (@CGUID+672)+106),
(@scourge_azshara, (@CGUID+672)+107),
(@scourge_azshara, (@CGUID+672)+108),
(@scourge_azshara, (@CGUID+672)+109),
(@scourge_azshara, (@CGUID+672)+110),
(@scourge_azshara, (@CGUID+672)+111),
(@scourge_azshara, (@CGUID+672)+112),
(@scourge_azshara, (@CGUID+672)+113),
(@scourge_azshara, (@CGUID+672)+114),
(@scourge_azshara, (@CGUID+672)+115),
(@scourge_azshara, (@CGUID+672)+116),
(@scourge_azshara, (@CGUID+672)+117),
(@scourge_azshara, (@CGUID+672)+118),
(@scourge_azshara, (@CGUID+672)+119),
(@scourge_azshara, (@CGUID+672)+120),
(@scourge_azshara, (@CGUID+672)+121),
(@scourge_azshara, (@CGUID+672)+122),
(@scourge_azshara, (@CGUID+672)+123),
(@scourge_azshara, (@CGUID+672)+124),
(@scourge_azshara, (@CGUID+672)+125),
(@scourge_azshara, (@CGUID+672)+126),
(@scourge_azshara, (@CGUID+672)+127),
(@scourge_azshara, (@CGUID+672)+128),
(@scourge_azshara, (@CGUID+672)+129),
(@scourge_azshara, (@CGUID+672)+130),
(@scourge_azshara, (@CGUID+672)+131),
(@scourge_azshara, (@CGUID+672)+132),
(@scourge_azshara, (@CGUID+672)+133),
(@scourge_azshara, (@CGUID+672)+134),
(@scourge_azshara, (@CGUID+672)+135),
(@scourge_azshara, (@CGUID+672)+136),
(@scourge_azshara, (@CGUID+672)+137),
(@scourge_azshara, (@CGUID+672)+138),
(@scourge_azshara, (@CGUID+672)+139),
(@scourge_azshara, (@CGUID+672)+140),
(@scourge_azshara, (@CGUID+672)+141),
(@scourge_azshara, (@CGUID+672)+142),
(@scourge_azshara, (@CGUID+672)+143),
(@scourge_azshara, (@CGUID+672)+144),
(@scourge_azshara, (@CGUID+672)+145),
(@scourge_azshara, (@CGUID+672)+146),
(@scourge_azshara, (@CGUID+672)+147),
(@scourge_azshara, (@CGUID+672)+148),
(@scourge_azshara, (@CGUID+672)+149),
(@scourge_azshara, (@CGUID+672)+150),
(@scourge_azshara, (@CGUID+672)+151),
(@scourge_azshara, (@CGUID+672)+152),
(@scourge_azshara, (@CGUID+672)+153),
(@scourge_azshara, (@CGUID+672)+154),
(@scourge_azshara, (@CGUID+672)+155),
(@scourge_azshara, (@CGUID+672)+156),
(@scourge_azshara, (@CGUID+672)+157),
(@scourge_azshara, (@CGUID+672)+158),
(@scourge_azshara, (@CGUID+672)+159),
(@scourge_azshara, (@CGUID+672)+160),
(@scourge_azshara, (@CGUID+672)+161),
(@scourge_azshara, (@CGUID+672)+162),
(@scourge_azshara, (@CGUID+672)+163),
(@scourge_azshara, (@CGUID+672)+164),
(@scourge_azshara, (@CGUID+672)+165),
(@scourge_azshara, (@CGUID+672)+166),
(@scourge_azshara, (@CGUID+672)+167),
(@scourge_azshara, (@CGUID+672)+168),
(@scourge_azshara, (@CGUID+672)+169),
(@scourge_azshara, (@CGUID+672)+170),
(@scourge_azshara, (@CGUID+672)+171),
(@scourge_azshara, (@CGUID+672)+172),
(@scourge_azshara, (@CGUID+672)+173),
(@scourge_azshara, (@CGUID+672)+174),
(@scourge_azshara, (@CGUID+672)+175),
(@scourge_azshara, (@CGUID+672)+176),
(@scourge_azshara, (@CGUID+672)+177),
(@scourge_azshara, (@CGUID+672)+178),
(@scourge_azshara, (@CGUID+672)+179),
(@scourge_azshara, (@CGUID+672)+180),
(@scourge_azshara, (@CGUID+672)+181),
(@scourge_azshara, (@CGUID+672)+182),
(@scourge_azshara, (@CGUID+672)+183);

-- Blasted Lands
DELETE FROM `creature` WHERE `guid` BETWEEN (@CGUID+856) AND (@CGUID+856) + 183 AND `id1` IN (16356, 16401, 16421, 16398, 16386);
INSERT INTO `creature` (`guid`, `id1`, `map`, `spawnMask`, `phaseMask`, `position_x`, `position_y`, `position_z`, `orientation`, `spawntimesecs`, `wander_distance`, `MovementType`, `VerifiedBuild`, `Comment`) VALUES
((@CGUID+856)+000, 16356, 0, 1, 1, -11181.099609375, -2973.179931640625, 7.62002992630005, 5.201079845428467, 120, 0.0, 0, 0, ''),
((@CGUID+856)+001, 16356, 0, 1, 1, -11217.400390625, -3372.260009765625, 9.489009857177734, 4.206250190734863, 120, 0.0, 0, 0, ''),
((@CGUID+856)+002, 16356, 0, 1, 1, -11218.099609375, -3309.330078125, 9.154809951782227, 2.809969902038574, 120, 0.0, 0, 0, ''),
((@CGUID+856)+003, 16356, 0, 1, 1, -11218.2001953125, -3391.360107421875, 22.96579933166504, 0.2268929928541183, 120, 0.0, 0, 0, ''),
((@CGUID+856)+004, 16356, 0, 1, 1, -11219.5, -3353.260009765625, 5.086040019989015, 6.24828004837036, 120, 0.0, 0, 0, ''),
((@CGUID+856)+005, 16356, 0, 1, 1, -11221.0, -3023.159912109375, 6.410689830780028, 5.811950206756592, 120, 0.0, 0, 0, ''),
((@CGUID+856)+006, 16356, 0, 1, 1, -11222.0, -2984.070068359375, 3.908169984817505, 2.809969902038574, 120, 0.0, 0, 0, ''),
((@CGUID+856)+007, 16356, 0, 1, 1, -11223.0, -3005.0400390625, 7.035039901733398, 0.2268929928541183, 120, 0.0, 0, 0, ''),
((@CGUID+856)+008, 16356, 0, 1, 1, -11223.5, -2946.919921875, 10.213199615478516, 4.206250190734863, 120, 0.0, 0, 0, ''),
((@CGUID+856)+009, 16356, 0, 1, 1, -11216.099609375, -3325.780029296875, 8.736740112304688, 1.3788100481033323, 120, 0.0, 0, 0, ''),
((@CGUID+856)+010, 16356, 0, 1, 1, -11208.599609375, -2953.389892578125, 8.999190330505371, 4.066619873046875, 120, 0.0, 0, 0, ''),
((@CGUID+856)+011, 16356, 0, 1, 1, -11208.099609375, -3013.590087890625, 5.093820095062256, 4.468039989471436, 120, 0.0, 0, 0, ''),
((@CGUID+856)+012, 16356, 0, 1, 1, -11184.0, -2946.85009765625, 19.46949958801269, 2.2340199947357178, 120, 0.0, 0, 0, ''),
((@CGUID+856)+013, 16356, 0, 1, 1, -11193.0, -2963.7900390625, 8.565199851989746, 2.007129907608032, 120, 0.0, 0, 0, ''),
((@CGUID+856)+014, 16356, 0, 1, 1, -11193.0, -2978.18994140625, 8.738470077514648, 5.6374101638793945, 120, 0.0, 0, 0, ''),
((@CGUID+856)+015, 16356, 0, 1, 1, -11193.0, -3005.139892578125, 6.871799945831299, 1.099560022354126, 120, 0.0, 0, 0, ''),
((@CGUID+856)+016, 16356, 0, 1, 1, -11194.0, -3023.389892578125, 7.165180206298828, 1.85004997253418, 120, 0.0, 0, 0, ''),
((@CGUID+856)+017, 16356, 0, 1, 1, -11205.5, -2971.31005859375, 8.412779808044434, 4.468039989471436, 120, 0.0, 0, 0, ''),
((@CGUID+856)+018, 16356, 0, 1, 1, -11206.7998046875, -3342.5, 5.204919815063477, 4.066619873046875, 120, 0.0, 0, 0, ''),
((@CGUID+856)+019, 16356, 0, 1, 1, -11207.400390625, -2992.090087890625, 4.005070209503175, 1.3788100481033323, 120, 0.0, 0, 0, ''),
((@CGUID+856)+020, 16356, 0, 1, 1, -11227.2001953125, -3338.570068359375, 9.3760404586792, 1.9547699689865112, 120, 0.0, 0, 0, ''),
((@CGUID+856)+021, 16356, 0, 1, 1, -11231.2998046875, -3323.449951171875, 9.995820045471191, 0.5061450004577637, 120, 0.0, 0, 0, ''),
((@CGUID+856)+022, 16356, 0, 1, 1, -11265.099609375, -3368.0, 6.340929985046388, 2.2340199947357178, 120, 0.0, 0, 0, ''),
((@CGUID+856)+023, 16356, 0, 1, 1, -11272.0, -3384.2099609375, 6.373390197753905, 5.4977898597717285, 120, 0.0, 0, 0, ''),
((@CGUID+856)+024, 16356, 0, 1, 1, -11272.400390625, -3343.949951171875, 9.966679573059082, 4.049170017242432, 120, 0.0, 0, 0, ''),
((@CGUID+856)+025, 16356, 0, 1, 1, -11274.2001953125, -3317.699951171875, 25.25309944152832, 5.811950206756592, 120, 0.0, 0, 0, ''),
((@CGUID+856)+026, 16356, 0, 1, 1, -11276.0, -3358.510009765625, 6.277299880981444, 1.8849500417709353, 120, 0.0, 0, 0, ''),
((@CGUID+856)+027, 16356, 0, 1, 1, -11287.2998046875, -3372.260009765625, 7.921599864959717, 1.099560022354126, 120, 0.0, 0, 0, ''),
((@CGUID+856)+028, 16356, 0, 1, 1, -11287.7998046875, -3340.5400390625, 9.048219680786131, 4.468039989471436, 120, 0.0, 0, 0, ''),
((@CGUID+856)+029, 16356, 0, 1, 1, -11288.400390625, -3389.929931640625, 7.669569969177246, 3.141590118408203, 120, 0.0, 0, 0, ''),
((@CGUID+856)+030, 16356, 0, 1, 1, -11262.099609375, -3354.550048828125, 8.869999885559082, 5.201079845428467, 120, 0.0, 0, 0, ''),
((@CGUID+856)+031, 16356, 0, 1, 1, -11259.599609375, -3394.7099609375, 10.1496000289917, 4.031710147857666, 120, 0.0, 0, 0, ''),
((@CGUID+856)+032, 16356, 0, 1, 1, -11258.900390625, -3340.280029296875, 10.11299991607666, 5.6374101638793945, 120, 0.0, 0, 0, ''),
((@CGUID+856)+033, 16356, 0, 1, 1, -11235.0, -3369.199951171875, 9.523449897766112, 5.5326900482177725, 120, 0.0, 0, 0, ''),
((@CGUID+856)+034, 16356, 0, 1, 1, -11235.5, -3353.5, 5.086040019989015, 0.7155849933624268, 120, 0.0, 0, 0, ''),
((@CGUID+856)+035, 16356, 0, 1, 1, -11238.2001953125, -3306.169921875, 15.011799812316896, 4.468039989471436, 120, 0.0, 0, 0, ''),
((@CGUID+856)+036, 16356, 0, 1, 1, -11238.7001953125, -3390.97998046875, 10.911700248718262, 3.0368399620056152, 120, 0.0, 0, 0, ''),
((@CGUID+856)+037, 16356, 0, 1, 1, -11243.099609375, -3340.18994140625, 9.38895034790039, 1.8674999475479128, 120, 0.0, 0, 0, ''),
((@CGUID+856)+038, 16356, 0, 1, 1, -11249.7998046875, -3363.010009765625, 10.101300239562988, 2.007129907608032, 120, 0.0, 0, 0, ''),
((@CGUID+856)+039, 16356, 0, 1, 1, -11250.900390625, -3379.860107421875, 7.351469993591309, 3.26377010345459, 120, 0.0, 0, 0, ''),
((@CGUID+856)+040, 16356, 0, 1, 1, -11252.599609375, -3324.280029296875, 18.73789978027344, 4.049170017242432, 120, 0.0, 0, 0, ''),
((@CGUID+856)+041, 16356, 0, 1, 1, -11293.2001953125, -3355.239990234375, 9.058110237121582, 1.85004997253418, 120, 0.0, 0, 0, ''),
((@CGUID+856)+042, 16356, 0, 1, 1, -10973.5, -2807.6298828125, 5.387969970703125, 4.468039989471436, 120, 0.0, 0, 0, ''),
((@CGUID+856)+043, 16356, 0, 1, 1, -11008.2998046875, -2738.669921875, 5.432769775390625, 4.031710147857666, 120, 0.0, 0, 0, ''),
((@CGUID+856)+044, 16356, 0, 1, 1, -11018.400390625, -2753.570068359375, 3.7171499729156494, 2.809969902038574, 120, 0.0, 0, 0, ''),
((@CGUID+856)+045, 16356, 0, 1, 1, -11019.7998046875, -2771.0, 3.746479988098145, 1.8674999475479128, 120, 0.0, 0, 0, ''),
((@CGUID+856)+046, 16356, 0, 1, 1, -11021.7998046875, -2794.1298828125, 5.229629993438721, 5.201079845428467, 120, 0.0, 0, 0, ''),
((@CGUID+856)+047, 16356, 0, 1, 1, -11023.599609375, -2822.949951171875, 10.624199867248535, 5.811950206756592, 120, 0.0, 0, 0, ''),
((@CGUID+856)+048, 16356, 0, 1, 1, -11025.900390625, -2807.949951171875, 7.766550064086913, 5.5326900482177725, 120, 0.0, 0, 0, ''),
((@CGUID+856)+049, 16356, 0, 1, 1, -11030.2998046875, -2782.590087890625, 4.533050060272217, 5.6374101638793945, 120, 0.0, 0, 0, ''),
((@CGUID+856)+050, 16356, 0, 1, 1, -11033.7998046875, -2767.280029296875, 4.800149917602539, 4.049170017242432, 120, 0.0, 0, 0, ''),
((@CGUID+856)+051, 16356, 0, 1, 1, -11008.099609375, -2817.31005859375, 7.104680061340332, 1.8849500417709353, 120, 0.0, 0, 0, ''),
((@CGUID+856)+052, 16356, 0, 1, 1, -11005.0, -2763.27001953125, 3.9012200832366943, 2.2340199947357178, 120, 0.0, 0, 0, ''),
((@CGUID+856)+053, 16356, 0, 1, 1, -11004.400390625, -2777.81005859375, 4.513850212097168, 0.7155849933624268, 120, 0.0, 0, 0, ''),
((@CGUID+856)+054, 16356, 0, 1, 1, -10974.5, -2782.830078125, 5.106870174407959, 1.85004997253418, 120, 0.0, 0, 0, ''),
((@CGUID+856)+055, 16356, 0, 1, 1, -10976.599609375, -2762.510009765625, 4.211929798126221, 1.099560022354126, 120, 0.0, 0, 0, ''),
((@CGUID+856)+056, 16356, 0, 1, 1, -10989.2998046875, -2812.22998046875, 5.925829887390137, 0.5061450004577637, 120, 0.0, 0, 0, ''),
((@CGUID+856)+057, 16356, 0, 1, 1, -10990.2001953125, -2793.419921875, 5.369880199432373, 6.24828004837036, 120, 0.0, 0, 0, ''),
((@CGUID+856)+058, 16356, 0, 1, 1, -10990.400390625, -2771.419921875, 4.110559940338135, 3.26377010345459, 120, 0.0, 0, 0, ''),
((@CGUID+856)+059, 16356, 0, 1, 1, -10990.599609375, -2756.89990234375, 5.038730144500732, 5.4977898597717285, 120, 0.0, 0, 0, ''),
((@CGUID+856)+060, 16356, 0, 1, 1, -10995.7998046875, -2829.68994140625, 9.402009963989258, 0.2268929928541183, 120, 0.0, 0, 0, ''),
((@CGUID+856)+061, 16356, 0, 1, 1, -11003.400390625, -2796.449951171875, 5.538919925689696, 2.007129907608032, 120, 0.0, 0, 0, ''),
((@CGUID+856)+062, 16356, 0, 1, 1, -11036.5, -2796.510009765625, 5.901410102844238, 1.9547699689865112, 120, 0.0, 0, 0, ''),
((@CGUID+856)+063, 16356, 0, 1, 1, -11039.7001953125, -2750.75, 2.015399932861328, 4.066619873046875, 120, 0.0, 0, 0, ''),
((@CGUID+856)+064, 16356, 0, 1, 1, -11153.400390625, -2983.320068359375, 8.8191499710083, 0.5061450004577637, 120, 0.0, 0, 0, ''),
((@CGUID+856)+065, 16356, 0, 1, 1, -11160.2001953125, -2995.9599609375, 8.563070297241211, 1.8849500417709353, 120, 0.0, 0, 0, ''),
((@CGUID+856)+066, 16356, 0, 1, 1, -11160.400390625, -2940.949951171875, 20.05010032653809, 1.9547699689865112, 120, 0.0, 0, 0, ''),
((@CGUID+856)+067, 16356, 0, 1, 1, -11162.900390625, -3011.739990234375, 7.763010025024414, 3.26377010345459, 120, 0.0, 0, 0, ''),
((@CGUID+856)+068, 16356, 0, 1, 1, -11168.2998046875, -2963.320068359375, 8.032400131225586, 4.049170017242432, 120, 0.0, 0, 0, ''),
((@CGUID+856)+069, 16356, 0, 1, 1, -11169.5, -2980.97998046875, 9.006979942321777, 0.7155849933624268, 120, 0.0, 0, 0, ''),
((@CGUID+856)+070, 16356, 0, 1, 1, -11176.2998046875, -2996.02001953125, 9.511619567871094, 1.8674999475479128, 120, 0.0, 0, 0, ''),
((@CGUID+856)+071, 16356, 0, 1, 1, -11176.7998046875, -3027.300048828125, 7.47332000732422, 4.031710147857666, 120, 0.0, 0, 0, ''),
((@CGUID+856)+072, 16356, 0, 1, 1, -11151.900390625, -2962.6298828125, 8.693929672241211, 4.049170017242432, 120, 0.0, 0, 0, ''),
((@CGUID+856)+073, 16356, 0, 1, 1, -11147.599609375, -3013.510009765625, 20.70929908752441, 3.141590118408203, 120, 0.0, 0, 0, ''),
((@CGUID+856)+074, 16356, 0, 1, 1, -11145.5, -2953.0400390625, 9.862000465393066, 5.5326900482177725, 120, 0.0, 0, 0, ''),
((@CGUID+856)+075, 16356, 0, 1, 1, -11042.2001953125, -2816.219970703125, 11.908599853515623, 4.468039989471436, 120, 0.0, 0, 0, ''),
((@CGUID+856)+076, 16356, 0, 1, 1, -11044.7998046875, -2779.02001953125, 5.6340699195861825, 4.049170017242432, 120, 0.0, 0, 0, ''),
((@CGUID+856)+077, 16356, 0, 1, 1, -11057.7001953125, -2763.1201171875, 1.9543199539184568, 4.206250190734863, 120, 0.0, 0, 0, ''),
((@CGUID+856)+078, 16356, 0, 1, 1, -11058.7998046875, -2803.72998046875, 10.737000465393066, 1.3788100481033323, 120, 0.0, 0, 0, ''),
((@CGUID+856)+079, 16356, 0, 1, 1, -11060.599609375, -2822.68994140625, 9.960009574890137, 3.141590118408203, 120, 0.0, 0, 0, ''),
((@CGUID+856)+080, 16356, 0, 1, 1, -11061.5, -2784.659912109375, 7.561180114746095, 3.0368399620056152, 120, 0.0, 0, 0, ''),
((@CGUID+856)+081, 16356, 0, 1, 1, -11141.7998046875, -2973.75, 8.65758991241455, 3.0368399620056152, 120, 0.0, 0, 0, ''),
((@CGUID+856)+082, 16356, 0, 1, 1, -11144.7001953125, -2994.8701171875, 9.823439598083496, 6.24828004837036, 120, 0.0, 0, 0, ''),
((@CGUID+856)+083, 16356, 0, 1, 1, -11178.599609375, -3011.93994140625, 7.48859977722168, 5.4977898597717285, 120, 0.0, 0, 0, ''),
((@CGUID+856)+084, 16356, 0, 1, 1, -11412.7998046875, -2791.760009765625, 1.5717400312423706, 0.5061450004577637, 120, 0.0, 0, 0, ''),
((@CGUID+856)+085, 16356, 0, 1, 1, -11458.5, -2791.27001953125, -1.2933800220489502, 6.24828004837036, 120, 0.0, 0, 0, ''),
((@CGUID+856)+086, 16356, 0, 1, 1, -11458.5, -2835.280029296875, -0.5010010004043579, 4.206250190734863, 120, 0.0, 0, 0, ''),
((@CGUID+856)+087, 16356, 0, 1, 1, -11509.7998046875, -3283.77001953125, 8.012999534606934, 6.24828004837036, 120, 0.0, 0, 0, ''),
((@CGUID+856)+088, 16356, 0, 1, 1, -11510.2001953125, -3314.300048828125, 8.311229705810547, 1.3788100481033323, 120, 0.0, 0, 0, ''),
((@CGUID+856)+089, 16356, 0, 1, 1, -11521.2001953125, -3300.1201171875, 9.13521957397461, 1.8849500417709353, 120, 0.0, 0, 0, ''),
((@CGUID+856)+090, 16356, 0, 1, 1, -11521.2998046875, -3263.8701171875, 7.511189937591554, 5.5326900482177725, 120, 0.0, 0, 0, ''),
((@CGUID+856)+091, 16356, 0, 1, 1, -11523.900390625, -3245.550048828125, 7.110169887542725, 4.468039989471436, 120, 0.0, 0, 0, ''),
((@CGUID+856)+092, 16356, 0, 1, 1, -11525.599609375, -3316.159912109375, 8.158260345458984, 0.5061450004577637, 120, 0.0, 0, 0, ''),
((@CGUID+856)+093, 16356, 0, 1, 1, -11452.7001953125, -2810.3798828125, -1.6387200355529783, 2.809969902038574, 120, 0.0, 0, 0, ''),
((@CGUID+856)+094, 16356, 0, 1, 1, -11448.2001953125, -2859.389892578125, 0.904908001422882, 3.141590118408203, 120, 0.0, 0, 0, ''),
((@CGUID+856)+095, 16356, 0, 1, 1, -11443.400390625, -2783.429931640625, -0.3255690038204193, 1.3788100481033323, 120, 0.0, 0, 0, ''),
((@CGUID+856)+096, 16356, 0, 1, 1, -11419.099609375, -2860.090087890625, 1.9683400392532349, 1.8849500417709353, 120, 0.0, 0, 0, ''),
((@CGUID+856)+097, 16356, 0, 1, 1, -11424.0, -2838.840087890625, 0.5048699975013733, 1.9547699689865112, 120, 0.0, 0, 0, ''),
((@CGUID+856)+098, 16356, 0, 1, 1, -11424.5, -2803.7900390625, 0.7228890061378479, 0.7155849933624268, 120, 0.0, 0, 0, ''),
((@CGUID+856)+099, 16356, 0, 1, 1, -11426.900390625, -2783.610107421875, 0.7894750237464905, 4.468039989471436, 120, 0.0, 0, 0, ''),
((@CGUID+856)+100, 16356, 0, 1, 1, -11428.7998046875, -2827.219970703125, 0.2648690044879913, 2.2340199947357178, 120, 0.0, 0, 0, ''),
((@CGUID+856)+101, 16356, 0, 1, 1, -11435.099609375, -2813.18994140625, -1.24098002910614, 2.007129907608032, 120, 0.0, 0, 0, ''),
((@CGUID+856)+102, 16356, 0, 1, 1, -11442.2001953125, -2843.8701171875, -0.2963480055332184, 4.066619873046875, 120, 0.0, 0, 0, ''),
((@CGUID+856)+103, 16356, 0, 1, 1, -11443.2001953125, -2825.7900390625, -1.2146999835968018, 5.5326900482177725, 120, 0.0, 0, 0, ''),
((@CGUID+856)+104, 16356, 0, 1, 1, -11525.7001953125, -3283.260009765625, 8.727459907531738, 2.007129907608032, 120, 0.0, 0, 0, ''),
((@CGUID+856)+105, 16356, 0, 1, 1, -11534.7001953125, -3327.860107421875, 14.154800415039062, 2.809969902038574, 120, 0.0, 0, 0, ''),
((@CGUID+856)+106, 16356, 0, 1, 1, -11568.7998046875, -3316.340087890625, 9.620019912719728, 1.85004997253418, 120, 0.0, 0, 0, ''),
((@CGUID+856)+107, 16356, 0, 1, 1, -11571.2001953125, -3270.330078125, 7.40802001953125, 4.049170017242432, 120, 0.0, 0, 0, ''),
((@CGUID+856)+108, 16356, 0, 1, 1, -11576.2001953125, -3288.47998046875, 9.073769569396973, 5.4977898597717285, 120, 0.0, 0, 0, ''),
((@CGUID+856)+109, 16356, 0, 1, 1, -11577.7998046875, -3253.409912109375, 6.748849868774414, 0.2268929928541183, 120, 0.0, 0, 0, ''),
((@CGUID+856)+110, 16356, 0, 1, 1, -11583.900390625, -3310.85009765625, 8.080780029296875, 4.066619873046875, 120, 0.0, 0, 0, ''),
((@CGUID+856)+111, 16356, 0, 1, 1, -11585.2998046875, -3275.68994140625, 7.717060089111328, 4.468039989471436, 120, 0.0, 0, 0, ''),
((@CGUID+856)+112, 16356, 0, 1, 1, -11588.400390625, -3239.929931640625, 7.055290222167969, 3.141590118408203, 120, 0.0, 0, 0, ''),
((@CGUID+856)+113, 16356, 0, 1, 1, -11591.7001953125, -3259.070068359375, 7.444089889526366, 3.0368399620056152, 120, 0.0, 0, 0, ''),
((@CGUID+856)+114, 16356, 0, 1, 1, -11568.400390625, -3238.510009765625, 6.119850158691406, 4.031710147857666, 120, 0.0, 0, 0, ''),
((@CGUID+856)+115, 16356, 0, 1, 1, -11562.0, -3254.909912109375, 6.873479843139648, 3.26377010345459, 120, 0.0, 0, 0, ''),
((@CGUID+856)+116, 16356, 0, 1, 1, -11560.599609375, -3284.2900390625, 7.747910022735597, 1.8674999475479128, 120, 0.0, 0, 0, ''),
((@CGUID+856)+117, 16356, 0, 1, 1, -11538.099609375, -3304.590087890625, 8.159910202026367, 2.2340199947357178, 120, 0.0, 0, 0, ''),
((@CGUID+856)+118, 16356, 0, 1, 1, -11538.900390625, -3290.090087890625, 8.57664966583252, 5.6374101638793945, 120, 0.0, 0, 0, ''),
((@CGUID+856)+119, 16356, 0, 1, 1, -11539.599609375, -3276.419921875, 7.9982900619506845, 5.201079845428467, 120, 0.0, 0, 0, ''),
((@CGUID+856)+120, 16356, 0, 1, 1, -11540.400390625, -3260.929931640625, 7.042419910430908, 1.9547699689865112, 120, 0.0, 0, 0, ''),
((@CGUID+856)+121, 16356, 0, 1, 1, -11546.2998046875, -3245.860107421875, 6.853419780731201, 5.811950206756592, 120, 0.0, 0, 0, ''),
((@CGUID+856)+122, 16356, 0, 1, 1, -11549.5, -3318.25, 9.253339767456056, 1.099560022354126, 120, 0.0, 0, 0, ''),
((@CGUID+856)+123, 16356, 0, 1, 1, -11554.2998046875, -3269.969970703125, 7.27003002166748, 0.7155849933624268, 120, 0.0, 0, 0, ''),
((@CGUID+856)+124, 16356, 0, 1, 1, -11557.2001953125, -3303.169921875, 9.346019744873049, 4.049170017242432, 120, 0.0, 0, 0, ''),
((@CGUID+856)+125, 16356, 0, 1, 1, -11591.7001953125, -3294.080078125, 7.721119880676269, 4.206250190734863, 120, 0.0, 0, 0, ''),
((@CGUID+856)+126, 16356, 0, 1, 1, -11306.400390625, -3156.659912109375, 6.393260002136231, 0.2268929928541183, 120, 0.0, 0, 0, ''),
((@CGUID+856)+127, 16356, 0, 1, 1, -11343.400390625, -3110.820068359375, -1.5709999799728394, 3.0368399620056152, 120, 0.0, 0, 0, ''),
((@CGUID+856)+128, 16356, 0, 1, 1, -11345.2001953125, -3184.8798828125, 9.967129707336426, 3.26377010345459, 120, 0.0, 0, 0, ''),
((@CGUID+856)+129, 16356, 0, 1, 1, -11346.7998046875, -3169.7900390625, 10.844300270080566, 5.6374101638793945, 120, 0.0, 0, 0, ''),
((@CGUID+856)+130, 16356, 0, 1, 1, -11351.400390625, -3135.14990234375, 2.5572900772094727, 2.007129907608032, 120, 0.0, 0, 0, ''),
((@CGUID+856)+131, 16356, 0, 1, 1, -11355.900390625, -3120.81005859375, 2.0341300964355473, 1.85004997253418, 120, 0.0, 0, 0, ''),
((@CGUID+856)+132, 16356, 0, 1, 1, -11359.400390625, -3191.0, 12.964200019836426, 1.3788100481033323, 120, 0.0, 0, 0, ''),
((@CGUID+856)+133, 16356, 0, 1, 1, -11361.2001953125, -3159.300048828125, 8.870129585266113, 1.8674999475479128, 120, 0.0, 0, 0, ''),
((@CGUID+856)+134, 16356, 0, 1, 1, -11361.2998046875, -3143.43994140625, 6.547609806060791, 0.7155849933624268, 120, 0.0, 0, 0, ''),
((@CGUID+856)+135, 16356, 0, 1, 1, -11337.900390625, -3126.06005859375, -1.4581199884414673, 1.8849500417709353, 120, 0.0, 0, 0, ''),
((@CGUID+856)+136, 16356, 0, 1, 1, -11336.0, -3156.0, 7.16726016998291, 5.201079845428467, 120, 0.0, 0, 0, ''),
((@CGUID+856)+137, 16356, 0, 1, 1, -11333.7001953125, -3195.449951171875, 9.974510192871094, 4.468039989471436, 120, 0.0, 0, 0, ''),
((@CGUID+856)+138, 16356, 0, 1, 1, -11306.5, -3119.2900390625, -1.0690200328826904, 3.141590118408203, 120, 0.0, 0, 0, ''),
((@CGUID+856)+139, 16356, 0, 1, 1, -11313.099609375, -3143.469970703125, 5.634500026702881, 0.5061450004577637, 120, 0.0, 0, 0, ''),
((@CGUID+856)+140, 16356, 0, 1, 1, -11318.2001953125, -3184.47998046875, 10.14330005645752, 5.811950206756592, 120, 0.0, 0, 0, ''),
((@CGUID+856)+141, 16356, 0, 1, 1, -11319.7001953125, -3163.72998046875, 7.403550148010255, 6.24828004837036, 120, 0.0, 0, 0, ''),
((@CGUID+856)+142, 16356, 0, 1, 1, -11320.599609375, -3127.989990234375, -0.0066606597974896, 4.468039989471436, 120, 0.0, 0, 0, ''),
((@CGUID+856)+143, 16356, 0, 1, 1, -11324.2998046875, -3115.1201171875, -1.570989966392517, 4.031710147857666, 120, 0.0, 0, 0, ''),
((@CGUID+856)+144, 16356, 0, 1, 1, -11330.599609375, -3141.8798828125, 6.516389846801759, 2.2340199947357178, 120, 0.0, 0, 0, ''),
((@CGUID+856)+145, 16356, 0, 1, 1, -11331.2998046875, -3174.080078125, 8.75502014160156, 4.049170017242432, 120, 0.0, 0, 0, ''),
((@CGUID+856)+146, 16356, 0, 1, 1, -11362.900390625, -3174.9599609375, 10.615099906921388, 4.049170017242432, 120, 0.0, 0, 0, ''),
((@CGUID+856)+147, 16356, 0, 1, 1, -11364.599609375, -3129.7900390625, 5.755849838256836, 5.5326900482177725, 120, 0.0, 0, 0, ''),
((@CGUID+856)+148, 16356, 0, 1, 1, -11388.5, -2857.64990234375, 3.037950038909912, 4.031710147857666, 120, 0.0, 0, 0, ''),
((@CGUID+856)+149, 16356, 0, 1, 1, -11389.099609375, -2836.06005859375, -2.2509100437164307, 3.26377010345459, 120, 0.0, 0, 0, ''),
((@CGUID+856)+150, 16356, 0, 1, 1, -11392.2998046875, -2813.080078125, -2.2747099399566646, 1.8674999475479128, 120, 0.0, 0, 0, ''),
((@CGUID+856)+151, 16356, 0, 1, 1, -11393.400390625, -2789.3798828125, 3.189450025558472, 1.85004997253418, 120, 0.0, 0, 0, ''),
((@CGUID+856)+152, 16356, 0, 1, 1, -11399.7001953125, -2827.159912109375, -2.4327800273895264, 4.049170017242432, 120, 0.0, 0, 0, ''),
((@CGUID+856)+153, 16356, 0, 1, 1, -11405.099609375, -2846.840087890625, -2.7286500930786133, 3.0368399620056152, 120, 0.0, 0, 0, ''),
((@CGUID+856)+154, 16356, 0, 1, 1, -11409.099609375, -2774.3701171875, 2.7671499252319336, 5.811950206756592, 120, 0.0, 0, 0, ''),
((@CGUID+856)+155, 16356, 0, 1, 1, -11409.400390625, -2807.6201171875, -2.2806000709533687, 5.201079845428467, 120, 0.0, 0, 0, ''),
((@CGUID+856)+156, 16356, 0, 1, 1, -11411.0, -2832.679931640625, -2.8185598850250244, 5.6374101638793945, 120, 0.0, 0, 0, ''),
((@CGUID+856)+157, 16356, 0, 1, 1, -11387.599609375, -2775.4599609375, 3.7362999916076656, 0.2268929928541183, 120, 0.0, 0, 0, ''),
((@CGUID+856)+158, 16356, 0, 1, 1, -11380.599609375, -2824.510009765625, -2.159519910812378, 4.049170017242432, 120, 0.0, 0, 0, ''),
((@CGUID+856)+159, 16356, 0, 1, 1, -11370.2001953125, -3108.52001953125, 3.1060500144958496, 4.206250190734863, 120, 0.0, 0, 0, ''),
((@CGUID+856)+160, 16356, 0, 1, 1, -11372.400390625, -3151.9599609375, 9.451549530029297, 1.9547699689865112, 120, 0.0, 0, 0, ''),
((@CGUID+856)+161, 16356, 0, 1, 1, -11373.599609375, -2804.949951171875, 3.716530084609986, 1.099560022354126, 120, 0.0, 0, 0, ''),
((@CGUID+856)+162, 16356, 0, 1, 1, -11374.0, -2842.93994140625, 4.326630115509033, 5.4977898597717285, 120, 0.0, 0, 0, ''),
((@CGUID+856)+163, 16356, 0, 1, 1, -11375.2001953125, -3166.4599609375, 11.800000190734863, 5.4977898597717285, 120, 0.0, 0, 0, ''),
((@CGUID+856)+164, 16356, 0, 1, 1, -11375.5, -2787.3701171875, 3.765480041503906, 4.468039989471436, 120, 0.0, 0, 0, ''),
((@CGUID+856)+165, 16356, 0, 1, 1, -11376.7998046875, -3139.340087890625, 7.816500186920166, 1.099560022354126, 120, 0.0, 0, 0, ''),
((@CGUID+856)+166, 16356, 0, 1, 1, -11377.2001953125, -3123.760009765625, 5.38044023513794, 4.066619873046875, 120, 0.0, 0, 0, ''),
((@CGUID+856)+167, 16356, 0, 1, 1, -11378.0, -3184.080078125, 13.235899925231934, 2.809969902038574, 120, 0.0, 0, 0, ''),
((@CGUID+856)+168, 16386, 0, 1, 1, -11090.599609375, -2803.510009765625, 67.09639739990233, 0.2792530059814453, 120, 0.0, 0, 0, ''),
((@CGUID+856)+169, 16386, 0, 1, 1, -11201.099609375, -2930.159912109375, 76.14350128173827, 4.10152006149292, 120, 0.0, 0, 0, ''),
((@CGUID+856)+170, 16386, 0, 1, 1, -11297.2001953125, -3340.300048828125, 41.147998809814446, 6.09119987487793, 120, 0.0, 0, 0, ''),
((@CGUID+856)+171, 16386, 0, 1, 1, -11362.7001953125, -2824.679931640625, 59.694801330566406, 3.001970052719116, 120, 0.0, 0, 0, ''),
((@CGUID+856)+172, 16386, 0, 1, 1, -11371.400390625, -3223.080078125, 52.84619903564453, 1.2391799688339231, 120, 0.0, 0, 0, ''),
((@CGUID+856)+173, 16386, 0, 1, 1, -11498.7001953125, -3294.719970703125, 43.3583984375, 2.897249937057495, 120, 0.0, 0, 0, ''),
((@CGUID+856)+174, 16398, 0, 1, 1, -11163.2001953125, -2823.3701171875, 128.41299438476562, 0.2792530059814453, 27000, 0.0, 0, 0, ''),
((@CGUID+856)+175, 16398, 0, 1, 1, -11215.599609375, -2890.429931640625, 124.7300033569336, 5.0789098739624015, 27000, 0.0, 0, 0, ''),
((@CGUID+856)+176, 16398, 0, 1, 1, -11296.2001953125, -2834.14990234375, 124.3219985961914, 3.001970052719116, 27000, 0.0, 0, 0, ''),
((@CGUID+856)+177, 16398, 0, 1, 1, -11343.2998046875, -3330.489990234375, 68.09459686279297, 6.073750019073486, 27000, 0.0, 0, 0, ''),
((@CGUID+856)+178, 16398, 0, 1, 1, -11395.400390625, -3298.510009765625, 98.64450073242189, 1.309000015258789, 27000, 0.0, 0, 0, ''),
((@CGUID+856)+179, 16398, 0, 1, 1, -11472.5, -3300.639892578125, 62.16109848022461, 2.9147000312805176, 27000, 0.0, 0, 0, ''),
((@CGUID+856)+180, 16401, 0, 1, 1, -11402.099609375, -3316.550048828125, 111.27200317382812, 4.468039989471436, 120, 0.0, 0, 0, ''),
((@CGUID+856)+181, 16401, 0, 1, 1, -11233.900390625, -2841.77001953125, 185.68600463867188, 4.450590133666992, 120, 0.0, 0, 0, ''),
((@CGUID+856)+182, 16421, 0, 1, 1, -11402.099609375, -3316.550048828125, 111.27200317382812, 4.468039989471436, 120, 0.0, 0, 0, ''),
((@CGUID+856)+183, 16421, 0, 1, 1, -11233.900390625, -2841.77001953125, 185.68600463867188, 4.450590133666992, 120, 0.0, 0, 0, '');
DELETE FROM `game_event_creature` WHERE `eventEntry` = @scourge_blasted_lands AND `guid` BETWEEN (@CGUID+856) AND (@CGUID+856) + 183;
INSERT INTO `game_event_creature` (`eventEntry`, `guid`) VALUES
(@scourge_blasted_lands, (@CGUID+856)+000),
(@scourge_blasted_lands, (@CGUID+856)+001),
(@scourge_blasted_lands, (@CGUID+856)+002),
(@scourge_blasted_lands, (@CGUID+856)+003),
(@scourge_blasted_lands, (@CGUID+856)+004),
(@scourge_blasted_lands, (@CGUID+856)+005),
(@scourge_blasted_lands, (@CGUID+856)+006),
(@scourge_blasted_lands, (@CGUID+856)+007),
(@scourge_blasted_lands, (@CGUID+856)+008),
(@scourge_blasted_lands, (@CGUID+856)+009),
(@scourge_blasted_lands, (@CGUID+856)+010),
(@scourge_blasted_lands, (@CGUID+856)+011),
(@scourge_blasted_lands, (@CGUID+856)+012),
(@scourge_blasted_lands, (@CGUID+856)+013),
(@scourge_blasted_lands, (@CGUID+856)+014),
(@scourge_blasted_lands, (@CGUID+856)+015),
(@scourge_blasted_lands, (@CGUID+856)+016),
(@scourge_blasted_lands, (@CGUID+856)+017),
(@scourge_blasted_lands, (@CGUID+856)+018),
(@scourge_blasted_lands, (@CGUID+856)+019),
(@scourge_blasted_lands, (@CGUID+856)+020),
(@scourge_blasted_lands, (@CGUID+856)+021),
(@scourge_blasted_lands, (@CGUID+856)+022),
(@scourge_blasted_lands, (@CGUID+856)+023),
(@scourge_blasted_lands, (@CGUID+856)+024),
(@scourge_blasted_lands, (@CGUID+856)+025),
(@scourge_blasted_lands, (@CGUID+856)+026),
(@scourge_blasted_lands, (@CGUID+856)+027),
(@scourge_blasted_lands, (@CGUID+856)+028),
(@scourge_blasted_lands, (@CGUID+856)+029),
(@scourge_blasted_lands, (@CGUID+856)+030),
(@scourge_blasted_lands, (@CGUID+856)+031),
(@scourge_blasted_lands, (@CGUID+856)+032),
(@scourge_blasted_lands, (@CGUID+856)+033),
(@scourge_blasted_lands, (@CGUID+856)+034),
(@scourge_blasted_lands, (@CGUID+856)+035),
(@scourge_blasted_lands, (@CGUID+856)+036),
(@scourge_blasted_lands, (@CGUID+856)+037),
(@scourge_blasted_lands, (@CGUID+856)+038),
(@scourge_blasted_lands, (@CGUID+856)+039),
(@scourge_blasted_lands, (@CGUID+856)+040),
(@scourge_blasted_lands, (@CGUID+856)+041),
(@scourge_blasted_lands, (@CGUID+856)+042),
(@scourge_blasted_lands, (@CGUID+856)+043),
(@scourge_blasted_lands, (@CGUID+856)+044),
(@scourge_blasted_lands, (@CGUID+856)+045),
(@scourge_blasted_lands, (@CGUID+856)+046),
(@scourge_blasted_lands, (@CGUID+856)+047),
(@scourge_blasted_lands, (@CGUID+856)+048),
(@scourge_blasted_lands, (@CGUID+856)+049),
(@scourge_blasted_lands, (@CGUID+856)+050),
(@scourge_blasted_lands, (@CGUID+856)+051),
(@scourge_blasted_lands, (@CGUID+856)+052),
(@scourge_blasted_lands, (@CGUID+856)+053),
(@scourge_blasted_lands, (@CGUID+856)+054),
(@scourge_blasted_lands, (@CGUID+856)+055),
(@scourge_blasted_lands, (@CGUID+856)+056),
(@scourge_blasted_lands, (@CGUID+856)+057),
(@scourge_blasted_lands, (@CGUID+856)+058),
(@scourge_blasted_lands, (@CGUID+856)+059),
(@scourge_blasted_lands, (@CGUID+856)+060),
(@scourge_blasted_lands, (@CGUID+856)+061),
(@scourge_blasted_lands, (@CGUID+856)+062),
(@scourge_blasted_lands, (@CGUID+856)+063),
(@scourge_blasted_lands, (@CGUID+856)+064),
(@scourge_blasted_lands, (@CGUID+856)+065),
(@scourge_blasted_lands, (@CGUID+856)+066),
(@scourge_blasted_lands, (@CGUID+856)+067),
(@scourge_blasted_lands, (@CGUID+856)+068),
(@scourge_blasted_lands, (@CGUID+856)+069),
(@scourge_blasted_lands, (@CGUID+856)+070),
(@scourge_blasted_lands, (@CGUID+856)+071),
(@scourge_blasted_lands, (@CGUID+856)+072),
(@scourge_blasted_lands, (@CGUID+856)+073),
(@scourge_blasted_lands, (@CGUID+856)+074),
(@scourge_blasted_lands, (@CGUID+856)+075),
(@scourge_blasted_lands, (@CGUID+856)+076),
(@scourge_blasted_lands, (@CGUID+856)+077),
(@scourge_blasted_lands, (@CGUID+856)+078),
(@scourge_blasted_lands, (@CGUID+856)+079),
(@scourge_blasted_lands, (@CGUID+856)+080),
(@scourge_blasted_lands, (@CGUID+856)+081),
(@scourge_blasted_lands, (@CGUID+856)+082),
(@scourge_blasted_lands, (@CGUID+856)+083),
(@scourge_blasted_lands, (@CGUID+856)+084),
(@scourge_blasted_lands, (@CGUID+856)+085),
(@scourge_blasted_lands, (@CGUID+856)+086),
(@scourge_blasted_lands, (@CGUID+856)+087),
(@scourge_blasted_lands, (@CGUID+856)+088),
(@scourge_blasted_lands, (@CGUID+856)+089),
(@scourge_blasted_lands, (@CGUID+856)+090),
(@scourge_blasted_lands, (@CGUID+856)+091),
(@scourge_blasted_lands, (@CGUID+856)+092),
(@scourge_blasted_lands, (@CGUID+856)+093),
(@scourge_blasted_lands, (@CGUID+856)+094),
(@scourge_blasted_lands, (@CGUID+856)+095),
(@scourge_blasted_lands, (@CGUID+856)+096),
(@scourge_blasted_lands, (@CGUID+856)+097),
(@scourge_blasted_lands, (@CGUID+856)+098),
(@scourge_blasted_lands, (@CGUID+856)+099),
(@scourge_blasted_lands, (@CGUID+856)+100),
(@scourge_blasted_lands, (@CGUID+856)+101),
(@scourge_blasted_lands, (@CGUID+856)+102),
(@scourge_blasted_lands, (@CGUID+856)+103),
(@scourge_blasted_lands, (@CGUID+856)+104),
(@scourge_blasted_lands, (@CGUID+856)+105),
(@scourge_blasted_lands, (@CGUID+856)+106),
(@scourge_blasted_lands, (@CGUID+856)+107),
(@scourge_blasted_lands, (@CGUID+856)+108),
(@scourge_blasted_lands, (@CGUID+856)+109),
(@scourge_blasted_lands, (@CGUID+856)+110),
(@scourge_blasted_lands, (@CGUID+856)+111),
(@scourge_blasted_lands, (@CGUID+856)+112),
(@scourge_blasted_lands, (@CGUID+856)+113),
(@scourge_blasted_lands, (@CGUID+856)+114),
(@scourge_blasted_lands, (@CGUID+856)+115),
(@scourge_blasted_lands, (@CGUID+856)+116),
(@scourge_blasted_lands, (@CGUID+856)+117),
(@scourge_blasted_lands, (@CGUID+856)+118),
(@scourge_blasted_lands, (@CGUID+856)+119),
(@scourge_blasted_lands, (@CGUID+856)+120),
(@scourge_blasted_lands, (@CGUID+856)+121),
(@scourge_blasted_lands, (@CGUID+856)+122),
(@scourge_blasted_lands, (@CGUID+856)+123),
(@scourge_blasted_lands, (@CGUID+856)+124),
(@scourge_blasted_lands, (@CGUID+856)+125),
(@scourge_blasted_lands, (@CGUID+856)+126),
(@scourge_blasted_lands, (@CGUID+856)+127),
(@scourge_blasted_lands, (@CGUID+856)+128),
(@scourge_blasted_lands, (@CGUID+856)+129),
(@scourge_blasted_lands, (@CGUID+856)+130),
(@scourge_blasted_lands, (@CGUID+856)+131),
(@scourge_blasted_lands, (@CGUID+856)+132),
(@scourge_blasted_lands, (@CGUID+856)+133),
(@scourge_blasted_lands, (@CGUID+856)+134),
(@scourge_blasted_lands, (@CGUID+856)+135),
(@scourge_blasted_lands, (@CGUID+856)+136),
(@scourge_blasted_lands, (@CGUID+856)+137),
(@scourge_blasted_lands, (@CGUID+856)+138),
(@scourge_blasted_lands, (@CGUID+856)+139),
(@scourge_blasted_lands, (@CGUID+856)+140),
(@scourge_blasted_lands, (@CGUID+856)+141),
(@scourge_blasted_lands, (@CGUID+856)+142),
(@scourge_blasted_lands, (@CGUID+856)+143),
(@scourge_blasted_lands, (@CGUID+856)+144),
(@scourge_blasted_lands, (@CGUID+856)+145),
(@scourge_blasted_lands, (@CGUID+856)+146),
(@scourge_blasted_lands, (@CGUID+856)+147),
(@scourge_blasted_lands, (@CGUID+856)+148),
(@scourge_blasted_lands, (@CGUID+856)+149),
(@scourge_blasted_lands, (@CGUID+856)+150),
(@scourge_blasted_lands, (@CGUID+856)+151),
(@scourge_blasted_lands, (@CGUID+856)+152),
(@scourge_blasted_lands, (@CGUID+856)+153),
(@scourge_blasted_lands, (@CGUID+856)+154),
(@scourge_blasted_lands, (@CGUID+856)+155),
(@scourge_blasted_lands, (@CGUID+856)+156),
(@scourge_blasted_lands, (@CGUID+856)+157),
(@scourge_blasted_lands, (@CGUID+856)+158),
(@scourge_blasted_lands, (@CGUID+856)+159),
(@scourge_blasted_lands, (@CGUID+856)+160),
(@scourge_blasted_lands, (@CGUID+856)+161),
(@scourge_blasted_lands, (@CGUID+856)+162),
(@scourge_blasted_lands, (@CGUID+856)+163),
(@scourge_blasted_lands, (@CGUID+856)+164),
(@scourge_blasted_lands, (@CGUID+856)+165),
(@scourge_blasted_lands, (@CGUID+856)+166),
(@scourge_blasted_lands, (@CGUID+856)+167),
(@scourge_blasted_lands, (@CGUID+856)+168),
(@scourge_blasted_lands, (@CGUID+856)+169),
(@scourge_blasted_lands, (@CGUID+856)+170),
(@scourge_blasted_lands, (@CGUID+856)+171),
(@scourge_blasted_lands, (@CGUID+856)+172),
(@scourge_blasted_lands, (@CGUID+856)+173),
(@scourge_blasted_lands, (@CGUID+856)+174),
(@scourge_blasted_lands, (@CGUID+856)+175),
(@scourge_blasted_lands, (@CGUID+856)+176),
(@scourge_blasted_lands, (@CGUID+856)+177),
(@scourge_blasted_lands, (@CGUID+856)+178),
(@scourge_blasted_lands, (@CGUID+856)+179),
(@scourge_blasted_lands, (@CGUID+856)+180),
(@scourge_blasted_lands, (@CGUID+856)+181),
(@scourge_blasted_lands, (@CGUID+856)+182),
(@scourge_blasted_lands, (@CGUID+856)+183);

-- Eastern Plaguelands
DELETE FROM `creature` WHERE `guid` BETWEEN (@CGUID+1040) AND (@CGUID+1040) + 171 AND `id1` IN (16356, 16386, 16398, 16401, 16421);
INSERT INTO `creature` (`guid`, `id1`, `map`, `spawnMask`, `phaseMask`, `position_x`, `position_y`, `position_z`, `orientation`, `spawntimesecs`, `wander_distance`, `MovementType`, `VerifiedBuild`, `Comment`) VALUES
((@CGUID+1040)+000, 16356, 0, 1, 1, 1966.5400390625, -4717.009765625, 98.36660003662111, 0.2268929928541183, 120, 0.0, 0, 0, ''),
((@CGUID+1040)+001, 16356, 0, 1, 1, 1965.3299560546875, -5104.580078125, 84.97949981689453, 3.26377010345459, 120, 0.0, 0, 0, ''),
((@CGUID+1040)+002, 16356, 0, 1, 1, 1965.1700439453125, -3119.39990234375, 82.47000122070312, 4.049170017242432, 120, 0.0, 0, 0, ''),
((@CGUID+1040)+003, 16356, 0, 1, 1, 1961.6500244140625, -3086.93994140625, 81.28410339355469, 2.007129907608032, 120, 0.0, 0, 0, ''),
((@CGUID+1040)+004, 16356, 0, 1, 1, 1960.4100341796875, -5144.66015625, 74.0155029296875, 1.8674999475479128, 120, 0.0, 0, 0, ''),
((@CGUID+1040)+005, 16356, 0, 1, 1, 1960.3000488281248, -4754.93017578125, 97.27239990234376, 2.007129907608032, 120, 0.0, 0, 0, ''),
((@CGUID+1040)+006, 16356, 0, 1, 1, 1959.0500488281248, -5115.43017578125, 80.90180206298828, 2.2340199947357178, 120, 0.0, 0, 0, ''),
((@CGUID+1040)+007, 16356, 0, 1, 1, 1967.5400390625, -5156.1298828125, 75.30149841308594, 1.9547699689865112, 120, 0.0, 0, 0, ''),
((@CGUID+1040)+008, 16356, 0, 1, 1, 1969.0699462890625, -3130.909912109375, 84.84940338134767, 4.468039989471436, 120, 0.0, 0, 0, ''),
((@CGUID+1040)+009, 16356, 0, 1, 1, 1970.8399658203125, -5116.75, 83.36900329589844, 4.049170017242432, 120, 0.0, 0, 0, ''),
((@CGUID+1040)+010, 16356, 0, 1, 1, 1971.7900390625, -3107.760009765625, 82.16429901123047, 4.049170017242432, 120, 0.0, 0, 0, ''),
((@CGUID+1040)+011, 16356, 0, 1, 1, 1972.56005859375, -5094.81005859375, 87.83439636230469, 4.468039989471436, 120, 0.0, 0, 0, ''),
((@CGUID+1040)+012, 16356, 0, 1, 1, 1972.72998046875, -3093.219970703125, 81.49909973144531, 2.2340199947357178, 120, 0.0, 0, 0, ''),
((@CGUID+1040)+013, 16356, 0, 1, 1, 1973.0400390625, -5169.4599609375, 79.56590270996094, 4.066619873046875, 120, 0.0, 0, 0, ''),
((@CGUID+1040)+014, 16356, 0, 1, 1, 1973.18994140625, -5143.39990234375, 77.75430297851561, 0.7155849933624268, 120, 0.0, 0, 0, ''),
((@CGUID+1040)+015, 16356, 0, 1, 1, 1973.4200439453125, -3082.139892578125, 77.28060150146483, 1.099560022354126, 120, 0.0, 0, 0, ''),
((@CGUID+1040)+016, 16356, 0, 1, 1, 1957.9000244140625, -3125.030029296875, 87.32319641113281, 5.5326900482177725, 120, 0.0, 0, 0, ''),
((@CGUID+1040)+017, 16356, 0, 1, 1, 1957.7099609375, -5164.1201171875, 78.05020141601561, 1.85004997253418, 120, 0.0, 0, 0, ''),
((@CGUID+1040)+018, 16356, 0, 1, 1, 1957.2900390625, -5095.3798828125, 87.06300354003906, 5.811950206756592, 120, 0.0, 0, 0, ''),
((@CGUID+1040)+019, 16356, 0, 1, 1, 1941.8299560546875, -3111.6201171875, 88.3198013305664, 5.6374101638793945, 120, 0.0, 0, 0, ''),
((@CGUID+1040)+020, 16356, 0, 1, 1, 1942.3000488281248, -4798.7900390625, 99.22769927978516, 1.85004997253418, 120, 0.0, 0, 0, ''),
((@CGUID+1040)+021, 16356, 0, 1, 1, 1942.9100341796875, -3099.64990234375, 86.08709716796875, 5.201079845428467, 120, 0.0, 0, 0, ''),
((@CGUID+1040)+022, 16356, 0, 1, 1, 1945.3299560546875, -4746.02001953125, 96.78579711914062, 5.201089859008789, 120, 0.0, 0, 0, ''),
((@CGUID+1040)+023, 16356, 0, 1, 1, 1945.81005859375, -3120.0400390625, 90.18939971923827, 1.8849500417709353, 120, 0.0, 0, 0, ''),
((@CGUID+1040)+024, 16356, 0, 1, 1, 1946.2800292968752, -5116.18994140625, 79.02259826660156, 2.007129907608032, 120, 0.0, 0, 0, ''),
((@CGUID+1040)+025, 16356, 0, 1, 1, 1946.9200439453125, -3085.169921875, 82.53240203857422, 1.8674999475479128, 120, 0.0, 0, 0, ''),
((@CGUID+1040)+026, 16356, 0, 1, 1, 1947.1199951171875, -5129.18017578125, 74.62310028076173, 5.201079845428467, 120, 0.0, 0, 0, ''),
((@CGUID+1040)+027, 16356, 0, 1, 1, 1947.1400146484373, -5142.580078125, 73.71330261230469, 5.6374101638793945, 120, 0.0, 0, 0, ''),
((@CGUID+1040)+028, 16356, 0, 1, 1, 1947.81005859375, -3067.52001953125, 78.50569915771484, 4.468039989471436, 120, 0.0, 0, 0, ''),
((@CGUID+1040)+029, 16356, 0, 1, 1, 1948.4899902343752, -3130.419921875, 91.15170288085938, 0.2268929928541183, 120, 0.0, 0, 0, ''),
((@CGUID+1040)+030, 16356, 0, 1, 1, 1950.5699462890625, -5105.43994140625, 83.45580291748047, 6.24828004837036, 120, 0.0, 0, 0, ''),
((@CGUID+1040)+031, 16356, 0, 1, 1, 1951.6199951171875, -5182.8798828125, 75.72689819335938, 3.141590118408203, 120, 0.0, 0, 0, ''),
((@CGUID+1040)+032, 16356, 0, 1, 1, 1952.1300048828125, -4767.60009765625, 98.85900115966797, 2.2340199947357178, 120, 0.0, 0, 0, ''),
((@CGUID+1040)+033, 16356, 0, 1, 1, 1952.4699707031248, -5154.080078125, 74.47850036621094, 4.049170017242432, 120, 0.0, 0, 0, ''),
((@CGUID+1040)+034, 16356, 0, 1, 1, 1953.0999755859373, -3115.7099609375, 86.78309631347656, 0.7155849933624268, 120, 0.0, 0, 0, ''),
((@CGUID+1040)+035, 16356, 0, 1, 1, 1954.4699707031248, -3079.949951171875, 79.46260070800781, 3.26377010345459, 120, 0.0, 0, 0, ''),
((@CGUID+1040)+036, 16356, 0, 1, 1, 1976.3000488281248, -3117.3701171875, 79.63189697265625, 1.9547699689865112, 120, 0.0, 0, 0, ''),
((@CGUID+1040)+037, 16356, 0, 1, 1, 1976.6300048828125, -4751.14013671875, 95.78540039062499, 5.4977898597717285, 120, 0.0, 0, 0, ''),
((@CGUID+1040)+038, 16356, 0, 1, 1, 2304.919921875, -4950.08984375, 77.50789642333984, 2.007129907608032, 120, 0.0, 0, 0, ''),
((@CGUID+1040)+039, 16356, 0, 1, 1, 2308.030029296875, -4891.64990234375, 96.80870056152344, 1.9547699689865112, 120, 0.0, 0, 0, ''),
((@CGUID+1040)+040, 16356, 0, 1, 1, 2317.52001953125, -4917.47998046875, 86.17160034179688, 0.7155849933624268, 120, 0.0, 0, 0, ''),
((@CGUID+1040)+041, 16356, 0, 1, 1, 2319.81005859375, -4995.4599609375, 73.66799926757811, 4.206250190734863, 120, 0.0, 0, 0, ''),
((@CGUID+1040)+042, 16356, 0, 1, 1, 2322.72998046875, -4955.72998046875, 74.68329620361328, 1.8674999475479128, 120, 0.0, 0, 0, ''),
((@CGUID+1040)+043, 16356, 0, 1, 1, 2325.5400390625, -4973.259765625, 72.06800079345702, 3.26377010345459, 120, 0.0, 0, 0, ''),
((@CGUID+1040)+044, 16356, 0, 1, 1, 2328.110107421875, -4937.0498046875, 78.6050033569336, 5.201079845428467, 120, 0.0, 0, 0, ''),
((@CGUID+1040)+045, 16356, 0, 1, 1, 2333.360107421875, -4921.6201171875, 78.86389923095702, 5.6374101638793945, 120, 0.0, 0, 0, ''),
((@CGUID+1040)+046, 16356, 0, 1, 1, 2333.590087890625, -4907.31005859375, 79.93199920654298, 5.5326900482177725, 120, 0.0, 0, 0, ''),
((@CGUID+1040)+047, 16356, 0, 1, 1, 2338.22998046875, -4951.5498046875, 72.14179992675781, 0.5061450004577637, 120, 0.0, 0, 0, ''),
((@CGUID+1040)+048, 16356, 0, 1, 1, 2342.10009765625, -4966.080078125, 70.41220092773439, 1.099560022354126, 120, 0.0, 0, 0, ''),
((@CGUID+1040)+049, 16356, 0, 1, 1, 2342.530029296875, -4932.7001953125, 74.76309967041016, 1.8849500417709353, 120, 0.0, 0, 0, ''),
((@CGUID+1040)+050, 16356, 0, 1, 1, 2348.669921875, -4913.009765625, 74.67079925537111, 6.24828004837036, 120, 0.0, 0, 0, ''),
((@CGUID+1040)+051, 16356, 0, 1, 1, 2348.909912109375, -4896.2900390625, 78.0655975341797, 1.3788100481033323, 120, 0.0, 0, 0, ''),
((@CGUID+1040)+052, 16356, 0, 1, 1, 2353.360107421875, -4948.52978515625, 72.13150024414062, 1.85004997253418, 120, 0.0, 0, 0, ''),
((@CGUID+1040)+053, 16356, 0, 1, 1, 2358.820068359375, -4966.10009765625, 70.61479949951172, 2.809969902038574, 120, 0.0, 0, 0, ''),
((@CGUID+1040)+054, 16356, 0, 1, 1, 2362.780029296875, -4922.81005859375, 73.58619689941406, 4.468039989471436, 120, 0.0, 0, 0, ''),
((@CGUID+1040)+055, 16356, 0, 1, 1, 2303.510009765625, -4924.8798828125, 88.29319763183594, 4.049170017242432, 120, 0.0, 0, 0, ''),
((@CGUID+1040)+056, 16356, 0, 1, 1, 2300.330078125, -4909.27978515625, 96.90809631347656, 4.049170017242432, 120, 0.0, 0, 0, ''),
((@CGUID+1040)+057, 16356, 0, 1, 1, 1978.6999511718752, -5104.93994140625, 88.03759765625, 1.099560022354126, 120, 0.0, 0, 0, ''),
((@CGUID+1040)+058, 16356, 0, 1, 1, 1979.43994140625, -5155.3798828125, 77.78330230712889, 4.468039989471436, 120, 0.0, 0, 0, ''),
((@CGUID+1040)+059, 16356, 0, 1, 1, 1982.2600097656248, -3130.699951171875, 82.49810028076173, 1.3788100481033323, 120, 0.0, 0, 0, ''),
((@CGUID+1040)+060, 16356, 0, 1, 1, 1983.4100341796875, -3107.47998046875, 79.12999725341797, 1.85004997253418, 120, 0.0, 0, 0, ''),
((@CGUID+1040)+061, 16356, 0, 1, 1, 1985.02001953125, -4733.7998046875, 98.04679870605469, 4.468039989471436, 120, 0.0, 0, 0, ''),
((@CGUID+1040)+062, 16356, 0, 1, 1, 1986.4300537109373, -5137.68994140625, 83.51689910888672, 1.3788100481033323, 120, 0.0, 0, 0, ''),
((@CGUID+1040)+063, 16356, 0, 1, 1, 1987.2199707031248, -3089.929931640625, 78.72419738769531, 5.811950206756592, 120, 0.0, 0, 0, ''),
((@CGUID+1040)+064, 16356, 0, 1, 1, 1987.5400390625, -3073.56005859375, 75.33399963378906, 3.141590118408203, 120, 0.0, 0, 0, ''),
((@CGUID+1040)+065, 16356, 0, 1, 1, 1988.02001953125, -4748.85986328125, 97.14189910888672, 5.9720802307128915, 120, 0.0, 0, 0, ''),
((@CGUID+1040)+066, 16356, 0, 1, 1, 1993.2199707031248, -3117.530029296875, 75.87449645996094, 2.809969902038574, 120, 0.0, 0, 0, ''),
((@CGUID+1040)+067, 16356, 0, 1, 1, 1998.2600097656248, -3100.469970703125, 76.16310119628906, 4.066619873046875, 120, 0.0, 0, 0, ''),
((@CGUID+1040)+068, 16356, 0, 1, 1, 2287.739990234375, -4912.9501953125, 98.93609619140624, 0.2268929928541183, 120, 0.0, 0, 0, ''),
((@CGUID+1040)+069, 16356, 0, 1, 1, 2289.909912109375, -4894.22998046875, 105.88200378417967, 5.811950206756592, 120, 0.0, 0, 0, ''),
((@CGUID+1040)+070, 16356, 0, 1, 1, 2296.320068359375, -4938.81982421875, 82.89659881591797, 2.2340199947357178, 120, 0.0, 0, 0, ''),
((@CGUID+1040)+071, 16356, 0, 1, 1, 2297.139892578125, -4990.14013671875, 73.98079681396483, 5.4977898597717285, 120, 0.0, 0, 0, ''),
((@CGUID+1040)+072, 16356, 0, 1, 1, 2366.469970703125, -4908.5, 76.73590087890625, 4.468039989471436, 120, 0.0, 0, 0, ''),
((@CGUID+1040)+073, 16356, 0, 1, 1, 1571.3299560546875, -3029.469970703125, 81.6104965209961, 0.2268929928541183, 120, 0.0, 0, 0, ''),
((@CGUID+1040)+074, 16356, 0, 1, 1, 1756.27001953125, -2838.5, 71.85240173339844, 4.468039989471436, 120, 0.0, 0, 0, ''),
((@CGUID+1040)+075, 16356, 0, 1, 1, 1764.52001953125, -2853.840087890625, 71.44850158691406, 6.24828004837036, 120, 0.0, 0, 0, ''),
((@CGUID+1040)+076, 16356, 0, 1, 1, 1764.6500244140625, -2870.409912109375, 73.61830139160156, 4.468039989471436, 120, 0.0, 0, 0, ''),
((@CGUID+1040)+077, 16356, 0, 1, 1, 1770.0400390625, -2833.659912109375, 69.11370086669922, 5.4977898597717285, 120, 0.0, 0, 0, ''),
((@CGUID+1040)+078, 16356, 0, 1, 1, 1776.719970703125, -2847.6201171875, 68.029296875, 3.26377010345459, 120, 0.0, 0, 0, ''),
((@CGUID+1040)+079, 16356, 0, 1, 1, 1776.72998046875, -2862.169921875, 69.88690185546875, 0.5061450004577637, 120, 0.0, 0, 0, ''),
((@CGUID+1040)+080, 16356, 0, 1, 1, 1783.6300048828125, -2797.31005859375, 69.64250183105469, 4.066619873046875, 120, 0.0, 0, 0, ''),
((@CGUID+1040)+081, 16356, 0, 1, 1, 1784.81005859375, -2827.159912109375, 68.90840148925781, 1.099560022354126, 120, 0.0, 0, 0, ''),
((@CGUID+1040)+082, 16356, 0, 1, 1, 1788.4100341796875, -2854.860107421875, 69.5864028930664, 5.6374101638793945, 120, 0.0, 0, 0, ''),
((@CGUID+1040)+083, 16356, 0, 1, 1, 1789.6199951171875, -2811.81005859375, 69.16590118408203, 1.85004997253418, 120, 0.0, 0, 0, ''),
((@CGUID+1040)+084, 16356, 0, 1, 1, 1790.0, -2870.0, 69.48799896240233, 2.007129907608032, 120, 0.0, 0, 0, ''),
((@CGUID+1040)+085, 16356, 0, 1, 1, 1790.6700439453125, -2839.550048828125, 67.95819854736328, 5.201079845428467, 120, 0.0, 0, 0, ''),
((@CGUID+1040)+086, 16356, 0, 1, 1, 1796.800048828125, -2883.2900390625, 69.08000183105469, 5.811950206756592, 120, 0.0, 0, 0, ''),
((@CGUID+1040)+087, 16356, 0, 1, 1, 1800.4300537109375, -2858.7900390625, 68.41320037841797, 1.8674999475479128, 120, 0.0, 0, 0, ''),
((@CGUID+1040)+088, 16356, 0, 1, 1, 1806.5699462890625, -2895.590087890625, 71.01750183105469, 3.141590118408203, 120, 0.0, 0, 0, ''),
((@CGUID+1040)+089, 16356, 0, 1, 1, 1807.25, -2871.81005859375, 68.1865005493164, 5.5326900482177725, 120, 0.0, 0, 0, ''),
((@CGUID+1040)+090, 16356, 0, 1, 1, 1808.6400146484373, -2810.60009765625, 71.4552993774414, 2.2340199947357178, 120, 0.0, 0, 0, ''),
((@CGUID+1040)+091, 16356, 0, 1, 1, 1754.280029296875, -2822.6201171875, 69.55359649658203, 4.206250190734863, 120, 0.0, 0, 0, ''),
((@CGUID+1040)+092, 16356, 0, 1, 1, 1639.010009765625, -3033.52001953125, 80.07689666748047, 1.3788100481033323, 120, 0.0, 0, 0, ''),
((@CGUID+1040)+093, 16356, 0, 1, 1, 1573.1500244140625, -3015.9599609375, 82.54530334472656, 3.0368399620056152, 120, 0.0, 0, 0, ''),
((@CGUID+1040)+094, 16356, 0, 1, 1, 1577.9000244140625, -3040.050048828125, 80.283203125, 5.5326900482177725, 120, 0.0, 0, 0, ''),
((@CGUID+1040)+095, 16356, 0, 1, 1, 1585.469970703125, -3047.949951171875, 81.05970001220702, 0.7155849933624268, 120, 0.0, 0, 0, ''),
((@CGUID+1040)+096, 16356, 0, 1, 1, 1587.5, -3057.860107421875, 80.55770111083984, 1.8849500417709353, 120, 0.0, 0, 0, ''),
((@CGUID+1040)+097, 16356, 0, 1, 1, 1588.02001953125, -3035.669921875, 79.53939819335938, 1.8674999475479128, 120, 0.0, 0, 0, ''),
((@CGUID+1040)+098, 16356, 0, 1, 1, 1591.6199951171875, -3023.659912109375, 79.69509887695312, 5.6374101638793945, 120, 0.0, 0, 0, ''),
((@CGUID+1040)+099, 16356, 0, 1, 1, 1596.8599853515625, -3051.429931640625, 80.35040283203125, 2.007129907608032, 120, 0.0, 0, 0, ''),
((@CGUID+1040)+100, 16356, 0, 1, 1, 1601.550048828125, -3062.510009765625, 79.53820037841797, 0.5061450004577637, 120, 0.0, 0, 0, ''),
((@CGUID+1040)+101, 16356, 0, 1, 1, 1609.52001953125, -3080.489990234375, 78.55460357666016, 4.206250190734863, 120, 0.0, 0, 0, ''),
((@CGUID+1040)+102, 16356, 0, 1, 1, 1610.030029296875, -3054.429931640625, 77.67140197753906, 2.2340199947357178, 120, 0.0, 0, 0, ''),
((@CGUID+1040)+103, 16356, 0, 1, 1, 1612.260009765625, -3020.530029296875, 80.13169860839844, 5.4977898597717285, 120, 0.0, 0, 0, ''),
((@CGUID+1040)+104, 16356, 0, 1, 1, 1615.1800537109375, -3043.47998046875, 77.9448013305664, 4.049170017242432, 120, 0.0, 0, 0, ''),
((@CGUID+1040)+105, 16356, 0, 1, 1, 1616.9200439453125, -3032.239990234375, 77.91809844970702, 4.049170017242432, 120, 0.0, 0, 0, ''),
((@CGUID+1040)+106, 16356, 0, 1, 1, 1620.93994140625, -3053.080078125, 78.5073013305664, 6.24828004837036, 120, 0.0, 0, 0, ''),
((@CGUID+1040)+107, 16356, 0, 1, 1, 1625.6500244140625, -3040.6298828125, 79.40460205078125, 3.26377010345459, 120, 0.0, 0, 0, ''),
((@CGUID+1040)+108, 16356, 0, 1, 1, 1625.8900146484375, -3025.52001953125, 78.6135025024414, 4.468039989471436, 120, 0.0, 0, 0, ''),
((@CGUID+1040)+109, 16356, 0, 1, 1, 1627.02001953125, -3068.679931640625, 76.49330139160156, 4.066619873046875, 120, 0.0, 0, 0, ''),
((@CGUID+1040)+110, 16356, 0, 1, 1, 1813.9699707031248, -2881.81005859375, 70.6050033569336, 0.2268929928541183, 120, 0.0, 0, 0, ''),
((@CGUID+1040)+111, 16356, 0, 1, 1, 1941.3499755859373, -4781.740234375, 98.71839904785155, 4.049170017242432, 120, 0.0, 0, 0, ''),
((@CGUID+1040)+112, 16356, 0, 1, 1, 1925.2199707031248, -5146.31005859375, 73.79979705810547, 2.809969902038574, 120, 0.0, 0, 0, ''),
((@CGUID+1040)+113, 16356, 0, 1, 1, 1927.25, -3115.43994140625, 89.55020141601561, 4.206250190734863, 120, 0.0, 0, 0, ''),
((@CGUID+1040)+114, 16356, 0, 1, 1, 1927.3699951171875, -4775.64013671875, 99.30609893798828, 1.1549899578094482, 120, 0.0, 0, 0, ''),
((@CGUID+1040)+115, 16356, 0, 1, 1, 1928.4100341796875, -4788.16015625, 101.16100311279295, 5.532700061798096, 120, 0.0, 0, 0, ''),
((@CGUID+1040)+116, 16356, 0, 1, 1, 1929.6999511718752, -4811.18017578125, 106.31400299072266, 4.468039989471436, 120, 0.0, 0, 0, ''),
((@CGUID+1040)+117, 16356, 0, 1, 1, 1930.3199462890625, -3128.159912109375, 92.38459777832033, 3.0368399620056152, 120, 0.0, 0, 0, ''),
((@CGUID+1040)+118, 16356, 0, 1, 1, 1932.1199951171875, -4738.85009765625, 98.4198989868164, 5.6374101638793945, 120, 0.0, 0, 0, ''),
((@CGUID+1040)+119, 16356, 0, 1, 1, 1933.8199462890625, -3105.159912109375, 87.61270141601561, 0.5061450004577637, 120, 0.0, 0, 0, ''),
((@CGUID+1040)+120, 16356, 0, 1, 1, 1934.47998046875, -5106.60009765625, 81.57710266113281, 5.4977898597717285, 120, 0.0, 0, 0, ''),
((@CGUID+1040)+121, 16356, 0, 1, 1, 1934.5, -3089.64990234375, 85.28389739990233, 6.24828004837036, 120, 0.0, 0, 0, ''),
((@CGUID+1040)+122, 16356, 0, 1, 1, 1936.2099609375, -3078.89990234375, 81.39240264892578, 5.4977898597717285, 120, 0.0, 0, 0, ''),
((@CGUID+1040)+123, 16356, 0, 1, 1, 1936.6400146484373, -5122.080078125, 77.29039764404298, 0.5061450004577637, 120, 0.0, 0, 0, ''),
((@CGUID+1040)+124, 16356, 0, 1, 1, 1937.5100097656248, -5136.47998046875, 74.07869720458984, 1.8849500417709353, 120, 0.0, 0, 0, ''),
((@CGUID+1040)+125, 16356, 0, 1, 1, 1937.7900390625, -5168.97021484375, 73.83519744873047, 0.2268929928541183, 120, 0.0, 0, 0, ''),
((@CGUID+1040)+126, 16356, 0, 1, 1, 1937.8900146484373, -4727.83984375, 101.58100128173828, 6.24828004837036, 120, 0.0, 0, 0, ''),
((@CGUID+1040)+127, 16356, 0, 1, 1, 1938.2199707031248, -5153.89013671875, 73.70059967041016, 5.5326900482177725, 120, 0.0, 0, 0, ''),
((@CGUID+1040)+128, 16356, 0, 1, 1, 1939.7099609375, -5093.66015625, 85.38169860839844, 4.206250190734863, 120, 0.0, 0, 0, ''),
((@CGUID+1040)+129, 16356, 0, 1, 1, 1923.5, -4796.77978515625, 105.3499984741211, 1.099560022354126, 120, 0.0, 0, 0, ''),
((@CGUID+1040)+130, 16356, 0, 1, 1, 1922.56005859375, -3092.550048828125, 84.89360046386719, 4.031710147857666, 120, 0.0, 0, 0, ''),
((@CGUID+1040)+131, 16356, 0, 1, 1, 1842.0799560546875, -2865.7099609375, 83.03559875488281, 2.809969902038574, 120, 0.0, 0, 0, ''),
((@CGUID+1040)+132, 16356, 0, 1, 1, 1836.8599853515625, -2846.550048828125, 80.29340362548828, 1.9547699689865112, 120, 0.0, 0, 0, ''),
((@CGUID+1040)+133, 16356, 0, 1, 1, 1834.6800537109373, -2826.1201171875, 80.15129852294922, 4.049170017242432, 120, 0.0, 0, 0, ''),
((@CGUID+1040)+134, 16356, 0, 1, 1, 1832.8599853515625, -2799.419921875, 89.99330139160156, 3.0368399620056152, 120, 0.0, 0, 0, ''),
((@CGUID+1040)+135, 16356, 0, 1, 1, 1825.6099853515625, -2841.070068359375, 77.8604965209961, 0.7155849933624268, 120, 0.0, 0, 0, ''),
((@CGUID+1040)+136, 16356, 0, 1, 1, 1824.6400146484373, -2815.489990234375, 80.85150146484375, 4.049170017242432, 120, 0.0, 0, 0, ''),
((@CGUID+1040)+137, 16356, 0, 1, 1, 1823.6800537109373, -2869.14990234375, 72.6406021118164, 1.8849500417709353, 120, 0.0, 0, 0, ''),
((@CGUID+1040)+138, 16356, 0, 1, 1, 1818.1199951171875, -2792.360107421875, 78.14749908447266, 4.031710147857666, 120, 0.0, 0, 0, ''),
((@CGUID+1040)+139, 16356, 0, 1, 1, 1846.5899658203125, -2836.97998046875, 78.52539825439453, 1.3788100481033323, 120, 0.0, 0, 0, ''),
((@CGUID+1040)+140, 16356, 0, 1, 1, 1900.3800048828125, -4771.4599609375, 107.9219970703125, 1.8849500417709353, 120, 0.0, 0, 0, ''),
((@CGUID+1040)+141, 16356, 0, 1, 1, 1921.8800048828125, -4755.47021484375, 98.80249786376952, 1.8674999475479128, 120, 0.0, 0, 0, ''),
((@CGUID+1040)+142, 16356, 0, 1, 1, 1919.6500244140625, -4726.77978515625, 103.35099792480467, 3.26377010345459, 120, 0.0, 0, 0, ''),
((@CGUID+1040)+143, 16356, 0, 1, 1, 1918.4599609375, -5104.830078125, 78.62539672851561, 3.0368399620056152, 120, 0.0, 0, 0, ''),
((@CGUID+1040)+144, 16356, 0, 1, 1, 1916.4300537109373, -4800.169921875, 108.36799621582033, 3.941119909286499, 120, 0.0, 0, 0, ''),
((@CGUID+1040)+145, 16356, 0, 1, 1, 1914.8599853515625, -4768.5400390625, 102.6729965209961, 0.7155849933624268, 120, 0.0, 0, 0, ''),
((@CGUID+1040)+146, 16356, 0, 1, 1, 1910.3599853515625, -4804.91015625, 113.31199645996094, 3.2393898963928223, 120, 0.0, 0, 0, ''),
((@CGUID+1040)+147, 16356, 0, 1, 1, 1908.3699951171875, -4756.08984375, 103.38099670410156, 1.9547699689865112, 120, 0.0, 0, 0, ''),
((@CGUID+1040)+148, 16356, 0, 1, 1, 1901.72998046875, -4804.16015625, 117.78500366210938, 5.811950206756592, 120, 0.0, 0, 0, ''),
((@CGUID+1040)+149, 16386, 0, 1, 1, 2233.6201171875, -4933.1298828125, 112.11900329589844, 2.6005399227142334, 120, 0.0, 0, 0, ''),
((@CGUID+1040)+150, 16386, 0, 1, 1, 2006.8499755859373, -5044.0498046875, 112.96800231933594, 2.6005399227142334, 120, 0.0, 0, 0, ''),
((@CGUID+1040)+151, 16386, 0, 1, 1, 2000.8000488281248, -4824.39013671875, 125.6719970703125, 2.6005399227142334, 120, 0.0, 0, 0, ''),
((@CGUID+1040)+152, 16386, 0, 1, 1, 1900.8599853515625, -3088.090087890625, 103.53500366210938, 2.6005399227142334, 120, 0.0, 0, 0, ''),
((@CGUID+1040)+153, 16386, 0, 1, 1, 1792.280029296875, -2899.800048828125, 81.27490234375, 2.6005399227142334, 120, 0.0, 0, 0, ''),
((@CGUID+1040)+154, 16386, 0, 1, 1, 1655.0699462890625, -3034.06005859375, 91.59339904785155, 2.6005399227142334, 120, 0.0, 0, 0, ''),
((@CGUID+1040)+155, 16398, 0, 1, 1, 2148.52001953125, -4933.43017578125, 141.2729949951172, 4.10152006149292, 27000, 0.0, 0, 0, ''),
((@CGUID+1040)+156, 16398, 0, 1, 1, 2060.0, -4967.85009765625, 143.27999877929688, 4.10152006149292, 27000, 0.0, 0, 0, ''),
((@CGUID+1040)+157, 16398, 0, 1, 1, 2057.18994140625, -4887.02001953125, 149.56500244140625, 4.10152006149292, 27000, 0.0, 0, 0, ''),
((@CGUID+1040)+158, 16398, 0, 1, 1, 1833.31005859375, -3066.719970703125, 107.48899841308594, 4.10152006149292, 27000, 0.0, 0, 0, ''),
((@CGUID+1040)+159, 16398, 0, 1, 1, 1776.760009765625, -2966.7900390625, 98.8573989868164, 4.10152006149292, 27000, 0.0, 0, 0, ''),
((@CGUID+1040)+160, 16398, 0, 1, 1, 1716.760009765625, -3033.739990234375, 108.01100158691406, 4.10152006149292, 27000, 0.0, 0, 0, ''),
((@CGUID+1040)+161, 16401, 0, 1, 1, 1766.6700439453125, -3033.340087890625, 132.88800048828125, 5.183629989624023, 120, 0.0, 0, 0, ''),
((@CGUID+1040)+162, 16401, 0, 1, 1, 2101.68994140625, -4930.02978515625, 168.36399841308594, 1.0471999645233154, 120, 0.0, 0, 0, ''),
((@CGUID+1040)+163, 16421, 0, 1, 1, 1766.6700439453125, -3033.340087890625, 132.88800048828125, 5.183629989624023, 120, 0.0, 0, 0, ''),
((@CGUID+1040)+164, 16421, 0, 1, 1, 2101.68994140625, -4930.02978515625, 168.36399841308594, 1.0471999645233154, 120, 0.0, 0, 0, ''),
((@CGUID+1040)+165, 16356, 0, 1, 1, 1635.260009765625, -3052.030029296875, 79.36380004882812, 2.809969902038574, 120, 0.0, 0, 0, ''),
((@CGUID+1040)+166, 16356, 0, 1, 1, 1880.0300292968752, -4775.64013671875, 118.90799713134766, 4.066619873046875, 120, 0.0, 0, 0, ''),
((@CGUID+1040)+167, 16356, 0, 1, 1, 1963.06005859375, -4740.14990234375, 96.65950012207033, 0.5061450004577637, 120, 0.0, 0, 0, ''),
((@CGUID+1040)+168, 16356, 0, 1, 1, 1983.9000244140625, -4803.06005859375, 100.70099639892578, 3.141590118408203, 120, 0.0, 0, 0, ''),
((@CGUID+1040)+169, 16356, 0, 1, 1, 1997.1400146484373, -4768.31005859375, 92.99230194091795, 3.0368399620056152, 120, 0.0, 0, 0, ''),
((@CGUID+1040)+170, 16356, 0, 1, 1, 1999.0500488281248, -4747.77001953125, 96.96880340576173, 4.031710147857666, 120, 0.0, 0, 0, ''),
((@CGUID+1040)+171, 16356, 0, 1, 1, 2343.070068359375, -4984.64990234375, 71.81320190429688, 4.066629886627196, 120, 0.0, 0, 0, '');
DELETE FROM `game_event_creature` WHERE `eventEntry` = @scourge_eastern_plaguelands AND `guid` BETWEEN (@CGUID+1040) AND (@CGUID+1040) + 171;
INSERT INTO `game_event_creature` (`eventEntry`, `guid`) VALUES
(@scourge_eastern_plaguelands, (@CGUID+1040)+000),
(@scourge_eastern_plaguelands, (@CGUID+1040)+001),
(@scourge_eastern_plaguelands, (@CGUID+1040)+002),
(@scourge_eastern_plaguelands, (@CGUID+1040)+003),
(@scourge_eastern_plaguelands, (@CGUID+1040)+004),
(@scourge_eastern_plaguelands, (@CGUID+1040)+005),
(@scourge_eastern_plaguelands, (@CGUID+1040)+006),
(@scourge_eastern_plaguelands, (@CGUID+1040)+007),
(@scourge_eastern_plaguelands, (@CGUID+1040)+008),
(@scourge_eastern_plaguelands, (@CGUID+1040)+009),
(@scourge_eastern_plaguelands, (@CGUID+1040)+010),
(@scourge_eastern_plaguelands, (@CGUID+1040)+011),
(@scourge_eastern_plaguelands, (@CGUID+1040)+012),
(@scourge_eastern_plaguelands, (@CGUID+1040)+013),
(@scourge_eastern_plaguelands, (@CGUID+1040)+014),
(@scourge_eastern_plaguelands, (@CGUID+1040)+015),
(@scourge_eastern_plaguelands, (@CGUID+1040)+016),
(@scourge_eastern_plaguelands, (@CGUID+1040)+017),
(@scourge_eastern_plaguelands, (@CGUID+1040)+018),
(@scourge_eastern_plaguelands, (@CGUID+1040)+019),
(@scourge_eastern_plaguelands, (@CGUID+1040)+020),
(@scourge_eastern_plaguelands, (@CGUID+1040)+021),
(@scourge_eastern_plaguelands, (@CGUID+1040)+022),
(@scourge_eastern_plaguelands, (@CGUID+1040)+023),
(@scourge_eastern_plaguelands, (@CGUID+1040)+024),
(@scourge_eastern_plaguelands, (@CGUID+1040)+025),
(@scourge_eastern_plaguelands, (@CGUID+1040)+026),
(@scourge_eastern_plaguelands, (@CGUID+1040)+027),
(@scourge_eastern_plaguelands, (@CGUID+1040)+028),
(@scourge_eastern_plaguelands, (@CGUID+1040)+029),
(@scourge_eastern_plaguelands, (@CGUID+1040)+030),
(@scourge_eastern_plaguelands, (@CGUID+1040)+031),
(@scourge_eastern_plaguelands, (@CGUID+1040)+032),
(@scourge_eastern_plaguelands, (@CGUID+1040)+033),
(@scourge_eastern_plaguelands, (@CGUID+1040)+034),
(@scourge_eastern_plaguelands, (@CGUID+1040)+035),
(@scourge_eastern_plaguelands, (@CGUID+1040)+036),
(@scourge_eastern_plaguelands, (@CGUID+1040)+037),
(@scourge_eastern_plaguelands, (@CGUID+1040)+038),
(@scourge_eastern_plaguelands, (@CGUID+1040)+039),
(@scourge_eastern_plaguelands, (@CGUID+1040)+040),
(@scourge_eastern_plaguelands, (@CGUID+1040)+041),
(@scourge_eastern_plaguelands, (@CGUID+1040)+042),
(@scourge_eastern_plaguelands, (@CGUID+1040)+043),
(@scourge_eastern_plaguelands, (@CGUID+1040)+044),
(@scourge_eastern_plaguelands, (@CGUID+1040)+045),
(@scourge_eastern_plaguelands, (@CGUID+1040)+046),
(@scourge_eastern_plaguelands, (@CGUID+1040)+047),
(@scourge_eastern_plaguelands, (@CGUID+1040)+048),
(@scourge_eastern_plaguelands, (@CGUID+1040)+049),
(@scourge_eastern_plaguelands, (@CGUID+1040)+050),
(@scourge_eastern_plaguelands, (@CGUID+1040)+051),
(@scourge_eastern_plaguelands, (@CGUID+1040)+052),
(@scourge_eastern_plaguelands, (@CGUID+1040)+053),
(@scourge_eastern_plaguelands, (@CGUID+1040)+054),
(@scourge_eastern_plaguelands, (@CGUID+1040)+055),
(@scourge_eastern_plaguelands, (@CGUID+1040)+056),
(@scourge_eastern_plaguelands, (@CGUID+1040)+057),
(@scourge_eastern_plaguelands, (@CGUID+1040)+058),
(@scourge_eastern_plaguelands, (@CGUID+1040)+059),
(@scourge_eastern_plaguelands, (@CGUID+1040)+060),
(@scourge_eastern_plaguelands, (@CGUID+1040)+061),
(@scourge_eastern_plaguelands, (@CGUID+1040)+062),
(@scourge_eastern_plaguelands, (@CGUID+1040)+063),
(@scourge_eastern_plaguelands, (@CGUID+1040)+064),
(@scourge_eastern_plaguelands, (@CGUID+1040)+065),
(@scourge_eastern_plaguelands, (@CGUID+1040)+066),
(@scourge_eastern_plaguelands, (@CGUID+1040)+067),
(@scourge_eastern_plaguelands, (@CGUID+1040)+068),
(@scourge_eastern_plaguelands, (@CGUID+1040)+069),
(@scourge_eastern_plaguelands, (@CGUID+1040)+070),
(@scourge_eastern_plaguelands, (@CGUID+1040)+071),
(@scourge_eastern_plaguelands, (@CGUID+1040)+072),
(@scourge_eastern_plaguelands, (@CGUID+1040)+073),
(@scourge_eastern_plaguelands, (@CGUID+1040)+074),
(@scourge_eastern_plaguelands, (@CGUID+1040)+075),
(@scourge_eastern_plaguelands, (@CGUID+1040)+076),
(@scourge_eastern_plaguelands, (@CGUID+1040)+077),
(@scourge_eastern_plaguelands, (@CGUID+1040)+078),
(@scourge_eastern_plaguelands, (@CGUID+1040)+079),
(@scourge_eastern_plaguelands, (@CGUID+1040)+080),
(@scourge_eastern_plaguelands, (@CGUID+1040)+081),
(@scourge_eastern_plaguelands, (@CGUID+1040)+082),
(@scourge_eastern_plaguelands, (@CGUID+1040)+083),
(@scourge_eastern_plaguelands, (@CGUID+1040)+084),
(@scourge_eastern_plaguelands, (@CGUID+1040)+085),
(@scourge_eastern_plaguelands, (@CGUID+1040)+086),
(@scourge_eastern_plaguelands, (@CGUID+1040)+087),
(@scourge_eastern_plaguelands, (@CGUID+1040)+088),
(@scourge_eastern_plaguelands, (@CGUID+1040)+089),
(@scourge_eastern_plaguelands, (@CGUID+1040)+090),
(@scourge_eastern_plaguelands, (@CGUID+1040)+091),
(@scourge_eastern_plaguelands, (@CGUID+1040)+092),
(@scourge_eastern_plaguelands, (@CGUID+1040)+093),
(@scourge_eastern_plaguelands, (@CGUID+1040)+094),
(@scourge_eastern_plaguelands, (@CGUID+1040)+095),
(@scourge_eastern_plaguelands, (@CGUID+1040)+096),
(@scourge_eastern_plaguelands, (@CGUID+1040)+097),
(@scourge_eastern_plaguelands, (@CGUID+1040)+098),
(@scourge_eastern_plaguelands, (@CGUID+1040)+099),
(@scourge_eastern_plaguelands, (@CGUID+1040)+100),
(@scourge_eastern_plaguelands, (@CGUID+1040)+101),
(@scourge_eastern_plaguelands, (@CGUID+1040)+102),
(@scourge_eastern_plaguelands, (@CGUID+1040)+103),
(@scourge_eastern_plaguelands, (@CGUID+1040)+104),
(@scourge_eastern_plaguelands, (@CGUID+1040)+105),
(@scourge_eastern_plaguelands, (@CGUID+1040)+106),
(@scourge_eastern_plaguelands, (@CGUID+1040)+107),
(@scourge_eastern_plaguelands, (@CGUID+1040)+108),
(@scourge_eastern_plaguelands, (@CGUID+1040)+109),
(@scourge_eastern_plaguelands, (@CGUID+1040)+110),
(@scourge_eastern_plaguelands, (@CGUID+1040)+111),
(@scourge_eastern_plaguelands, (@CGUID+1040)+112),
(@scourge_eastern_plaguelands, (@CGUID+1040)+113),
(@scourge_eastern_plaguelands, (@CGUID+1040)+114),
(@scourge_eastern_plaguelands, (@CGUID+1040)+115),
(@scourge_eastern_plaguelands, (@CGUID+1040)+116),
(@scourge_eastern_plaguelands, (@CGUID+1040)+117),
(@scourge_eastern_plaguelands, (@CGUID+1040)+118),
(@scourge_eastern_plaguelands, (@CGUID+1040)+119),
(@scourge_eastern_plaguelands, (@CGUID+1040)+120),
(@scourge_eastern_plaguelands, (@CGUID+1040)+121),
(@scourge_eastern_plaguelands, (@CGUID+1040)+122),
(@scourge_eastern_plaguelands, (@CGUID+1040)+123),
(@scourge_eastern_plaguelands, (@CGUID+1040)+124),
(@scourge_eastern_plaguelands, (@CGUID+1040)+125),
(@scourge_eastern_plaguelands, (@CGUID+1040)+126),
(@scourge_eastern_plaguelands, (@CGUID+1040)+127),
(@scourge_eastern_plaguelands, (@CGUID+1040)+128),
(@scourge_eastern_plaguelands, (@CGUID+1040)+129),
(@scourge_eastern_plaguelands, (@CGUID+1040)+130),
(@scourge_eastern_plaguelands, (@CGUID+1040)+131),
(@scourge_eastern_plaguelands, (@CGUID+1040)+132),
(@scourge_eastern_plaguelands, (@CGUID+1040)+133),
(@scourge_eastern_plaguelands, (@CGUID+1040)+134),
(@scourge_eastern_plaguelands, (@CGUID+1040)+135),
(@scourge_eastern_plaguelands, (@CGUID+1040)+136),
(@scourge_eastern_plaguelands, (@CGUID+1040)+137),
(@scourge_eastern_plaguelands, (@CGUID+1040)+138),
(@scourge_eastern_plaguelands, (@CGUID+1040)+139),
(@scourge_eastern_plaguelands, (@CGUID+1040)+140),
(@scourge_eastern_plaguelands, (@CGUID+1040)+141),
(@scourge_eastern_plaguelands, (@CGUID+1040)+142),
(@scourge_eastern_plaguelands, (@CGUID+1040)+143),
(@scourge_eastern_plaguelands, (@CGUID+1040)+144),
(@scourge_eastern_plaguelands, (@CGUID+1040)+145),
(@scourge_eastern_plaguelands, (@CGUID+1040)+146),
(@scourge_eastern_plaguelands, (@CGUID+1040)+147),
(@scourge_eastern_plaguelands, (@CGUID+1040)+148),
(@scourge_eastern_plaguelands, (@CGUID+1040)+149),
(@scourge_eastern_plaguelands, (@CGUID+1040)+150),
(@scourge_eastern_plaguelands, (@CGUID+1040)+151),
(@scourge_eastern_plaguelands, (@CGUID+1040)+152),
(@scourge_eastern_plaguelands, (@CGUID+1040)+153),
(@scourge_eastern_plaguelands, (@CGUID+1040)+154),
(@scourge_eastern_plaguelands, (@CGUID+1040)+155),
(@scourge_eastern_plaguelands, (@CGUID+1040)+156),
(@scourge_eastern_plaguelands, (@CGUID+1040)+157),
(@scourge_eastern_plaguelands, (@CGUID+1040)+158),
(@scourge_eastern_plaguelands, (@CGUID+1040)+159),
(@scourge_eastern_plaguelands, (@CGUID+1040)+160),
(@scourge_eastern_plaguelands, (@CGUID+1040)+161),
(@scourge_eastern_plaguelands, (@CGUID+1040)+162),
(@scourge_eastern_plaguelands, (@CGUID+1040)+163),
(@scourge_eastern_plaguelands, (@CGUID+1040)+164),
(@scourge_eastern_plaguelands, (@CGUID+1040)+165),
(@scourge_eastern_plaguelands, (@CGUID+1040)+166),
(@scourge_eastern_plaguelands, (@CGUID+1040)+167),
(@scourge_eastern_plaguelands, (@CGUID+1040)+168),
(@scourge_eastern_plaguelands, (@CGUID+1040)+169),
(@scourge_eastern_plaguelands, (@CGUID+1040)+170),
(@scourge_eastern_plaguelands, (@CGUID+1040)+171);
-- Burning Steppes
DELETE FROM `creature` WHERE `guid` BETWEEN (@CGUID+1212) AND (@CGUID+1212) + 178 AND `id1` IN (16356, 16421, 16401, 16398, 16386);
INSERT INTO `creature` (`guid`, `id1`, `map`, `spawnMask`, `phaseMask`, `position_x`, `position_y`, `position_z`, `orientation`, `spawntimesecs`, `wander_distance`, `MovementType`, `VerifiedBuild`, `Comment`) VALUES
((@CGUID+1212)+000, 16356, 0, 1, 1, -8000.75, -985.2830200195312, 127.8249969482422, 1.099560022354126, 120, 0.0, 0, 0, ''),
((@CGUID+1212)+001, 16356, 0, 1, 1, -7756.18994140625, -2210.39990234375, 133.60899353027344, 2.809969902038574, 120, 0.0, 0, 0, ''),
((@CGUID+1212)+002, 16356, 0, 1, 1, -7762.08984375, -2256.110107421875, 133.52200317382812, 4.468039989471436, 120, 0.0, 0, 0, ''),
((@CGUID+1212)+003, 16356, 0, 1, 1, -7764.27001953125, -2231.679931640625, 134.76300048828125, 1.8849500417709353, 120, 0.0, 0, 0, ''),
((@CGUID+1212)+004, 16356, 0, 1, 1, -7768.14990234375, -2244.10009765625, 133.52200317382812, 5.811950206756592, 120, 0.0, 0, 0, ''),
((@CGUID+1212)+005, 16356, 0, 1, 1, -7942.89990234375, -2434.35009765625, 130.08099365234375, 4.206250190734863, 120, 0.0, 0, 0, ''),
((@CGUID+1212)+006, 16356, 0, 1, 1, -7953.56005859375, -2426.469970703125, 126.48300170898438, 0.2268929928541183, 120, 0.0, 0, 0, ''),
((@CGUID+1212)+007, 16356, 0, 1, 1, -7954.89013671875, -2411.800048828125, 126.6999969482422, 5.811950206756592, 120, 0.0, 0, 0, ''),
((@CGUID+1212)+008, 16356, 0, 1, 1, -7955.27978515625, -2440.489990234375, 129.0659942626953, 4.468039989471436, 120, 0.0, 0, 0, ''),
((@CGUID+1212)+009, 16356, 0, 1, 1, -7754.919921875, -2243.280029296875, 133.5590057373047, 0.5061450004577637, 120, 0.0, 0, 0, ''),
((@CGUID+1212)+010, 16356, 0, 1, 1, -7753.040039062499, -2220.56005859375, 133.52200317382812, 5.5326900482177725, 120, 0.0, 0, 0, ''),
((@CGUID+1212)+011, 16356, 0, 1, 1, -7739.10009765625, -2263.739990234375, 135.58399963378906, 3.26377010345459, 120, 0.0, 0, 0, ''),
((@CGUID+1212)+012, 16356, 0, 1, 1, -7741.33984375, -2222.070068359375, 133.52200317382812, 5.201079845428467, 120, 0.0, 0, 0, ''),
((@CGUID+1212)+013, 16356, 0, 1, 1, -7743.509765625, -2240.179931640625, 134.33299255371094, 1.8674999475479128, 120, 0.0, 0, 0, ''),
((@CGUID+1212)+014, 16356, 0, 1, 1, -7744.629882812499, -2199.93994140625, 133.52200317382812, 4.066619873046875, 120, 0.0, 0, 0, ''),
((@CGUID+1212)+015, 16356, 0, 1, 1, -7745.009765625, -2211.6298828125, 133.52200317382812, 1.9547699689865112, 120, 0.0, 0, 0, ''),
((@CGUID+1212)+016, 16356, 0, 1, 1, -7748.549804687501, -2253.080078125, 133.88900756835938, 6.24828004837036, 120, 0.0, 0, 0, ''),
((@CGUID+1212)+017, 16356, 0, 1, 1, -7749.97998046875, -2230.429931640625, 133.5489959716797, 5.6374101638793945, 120, 0.0, 0, 0, ''),
((@CGUID+1212)+018, 16356, 0, 1, 1, -7752.77001953125, -2269.39990234375, 133.52200317382812, 1.3788100481033323, 120, 0.0, 0, 0, ''),
((@CGUID+1212)+019, 16356, 0, 1, 1, -7958.5, -2455.6298828125, 133.38900756835938, 1.85004997253418, 120, 0.0, 0, 0, ''),
((@CGUID+1212)+020, 16356, 0, 1, 1, -7964.200195312499, -2404.18994140625, 125.88600158691406, 4.468039989471436, 120, 0.0, 0, 0, ''),
((@CGUID+1212)+021, 16356, 0, 1, 1, -7983.290039062499, -2466.47998046875, 133.95199584960938, 3.0368399620056152, 120, 0.0, 0, 0, ''),
((@CGUID+1212)+022, 16356, 0, 1, 1, -7986.27978515625, -996.6669921875, 130.55799865722656, 0.2268929928541183, 120, 0.0, 0, 0, ''),
((@CGUID+1212)+023, 16356, 0, 1, 1, -7989.669921875, -2411.43994140625, 124.28700256347656, 5.5326900482177725, 120, 0.0, 0, 0, ''),
((@CGUID+1212)+024, 16356, 0, 1, 1, -7990.299804687501, -2455.10009765625, 132.7989959716797, 5.4977898597717285, 120, 0.0, 0, 0, ''),
((@CGUID+1212)+025, 16356, 0, 1, 1, -7995.75, -2420.8701171875, 127.49299621582033, 5.6374101638793945, 120, 0.0, 0, 0, ''),
((@CGUID+1212)+026, 16356, 0, 1, 1, -7995.799804687501, -2432.080078125, 130.86500549316406, 1.8674999475479128, 120, 0.0, 0, 0, ''),
((@CGUID+1212)+027, 16356, 0, 1, 1, -7996.58984375, -2444.02001953125, 132.11599731445312, 0.7155849933624268, 120, 0.0, 0, 0, ''),
((@CGUID+1212)+028, 16356, 0, 1, 1, -7996.629882812499, -1013.4099731445312, 131.86700439453125, 1.85004997253418, 120, 0.0, 0, 0, ''),
((@CGUID+1212)+029, 16356, 0, 1, 1, -7982.830078125, -2444.9599609375, 131.3719940185547, 2.007129907608032, 120, 0.0, 0, 0, ''),
((@CGUID+1212)+030, 16356, 0, 1, 1, -7982.129882812499, -958.8300170898439, 130.1959991455078, 5.811950206756592, 120, 0.0, 0, 0, ''),
((@CGUID+1212)+031, 16356, 0, 1, 1, -7966.700195312499, -2434.5400390625, 126.77300262451172, 4.049170017242432, 120, 0.0, 0, 0, ''),
((@CGUID+1212)+032, 16356, 0, 1, 1, -7967.0, -2421.330078125, 126.91200256347656, 4.049170017242432, 120, 0.0, 0, 0, ''),
((@CGUID+1212)+033, 16356, 0, 1, 1, -7968.85986328125, -2445.949951171875, 129.78399658203125, 2.2340199947357178, 120, 0.0, 0, 0, ''),
((@CGUID+1212)+034, 16356, 0, 1, 1, -7974.290039062499, -2411.050048828125, 125.85299682617188, 1.9547699689865112, 120, 0.0, 0, 0, ''),
((@CGUID+1212)+035, 16356, 0, 1, 1, -7974.81982421875, -2456.0, 132.5919952392578, 1.099560022354126, 120, 0.0, 0, 0, ''),
((@CGUID+1212)+036, 16356, 0, 1, 1, -7978.5, -980.0809936523439, 130.27999877929688, 4.468039989471436, 120, 0.0, 0, 0, ''),
((@CGUID+1212)+037, 16356, 0, 1, 1, -7981.52978515625, -2400.68994140625, 123.69300079345705, 1.3788100481033323, 120, 0.0, 0, 0, ''),
((@CGUID+1212)+038, 16356, 0, 1, 1, -7981.669921875, -2421.340087890625, 127.4980010986328, 5.201079845428467, 120, 0.0, 0, 0, ''),
((@CGUID+1212)+039, 16356, 0, 1, 1, -7736.60009765625, -2248.449951171875, 135.77000427246094, 0.7155849933624268, 120, 0.0, 0, 0, ''),
((@CGUID+1212)+040, 16356, 0, 1, 1, -7732.97998046875, -2200.639892578125, 133.52200317382812, 0.2268929928541183, 120, 0.0, 0, 0, ''),
((@CGUID+1212)+041, 16356, 0, 1, 1, -7732.209960937501, -2213.260009765625, 133.52200317382812, 4.049170017242432, 120, 0.0, 0, 0, ''),
((@CGUID+1212)+042, 16356, 0, 1, 1, -7599.60009765625, -2557.679931640625, 133.4600067138672, 1.85004997253418, 120, 0.0, 0, 0, ''),
((@CGUID+1212)+043, 16356, 0, 1, 1, -7601.509765625, -2575.60009765625, 134.6269989013672, 2.2340199947357178, 120, 0.0, 0, 0, ''),
((@CGUID+1212)+044, 16356, 0, 1, 1, -7606.799804687501, -2629.199951171875, 134.00599670410156, 1.8849500417709353, 120, 0.0, 0, 0, ''),
((@CGUID+1212)+045, 16356, 0, 1, 1, -7607.120117187501, -2613.969970703125, 134.2100067138672, 5.6374101638793945, 120, 0.0, 0, 0, ''),
((@CGUID+1212)+046, 16356, 0, 1, 1, -7609.75, -2643.93994140625, 135.1020050048828, 3.141590118408203, 120, 0.0, 0, 0, ''),
((@CGUID+1212)+047, 16356, 0, 1, 1, -7613.490234375, -2583.93994140625, 132.55099487304688, 4.049170017242432, 120, 0.0, 0, 0, ''),
((@CGUID+1212)+048, 16356, 0, 1, 1, -7614.08984375, -2569.0, 132.29299926757812, 4.468039989471436, 120, 0.0, 0, 0, ''),
((@CGUID+1212)+049, 16356, 0, 1, 1, -7614.490234375, -2605.030029296875, 133.2239990234375, 5.201079845428467, 120, 0.0, 0, 0, ''),
((@CGUID+1212)+050, 16356, 0, 1, 1, -7596.22998046875, -2607.85009765625, 136.08900451660156, 1.8674999475479128, 120, 0.0, 0, 0, ''),
((@CGUID+1212)+051, 16356, 0, 1, 1, -7595.52001953125, -2620.739990234375, 135.20199584960938, 0.5061450004577637, 120, 0.0, 0, 0, ''),
((@CGUID+1212)+052, 16356, 0, 1, 1, -7574.27001953125, -2597.6201171875, 138.66200256347656, 3.26377010345459, 120, 0.0, 0, 0, ''),
((@CGUID+1212)+053, 16356, 0, 1, 1, -7578.330078125, -2584.389892578125, 137.64700317382812, 5.4977898597717285, 120, 0.0, 0, 0, ''),
((@CGUID+1212)+054, 16356, 0, 1, 1, -7583.830078125, -2611.5400390625, 137.2729949951172, 6.24828004837036, 120, 0.0, 0, 0, ''),
((@CGUID+1212)+055, 16356, 0, 1, 1, -7584.06982421875, -2624.760009765625, 136.4320068359375, 1.3788100481033323, 120, 0.0, 0, 0, ''),
((@CGUID+1212)+056, 16356, 0, 1, 1, -7586.64990234375, -2571.02001953125, 134.66600036621094, 1.099560022354126, 120, 0.0, 0, 0, ''),
((@CGUID+1212)+057, 16356, 0, 1, 1, -7587.620117187501, -2596.889892578125, 138.43600463867188, 0.7155849933624268, 120, 0.0, 0, 0, ''),
((@CGUID+1212)+058, 16356, 0, 1, 1, -7591.379882812499, -2586.3701171875, 137.66299438476562, 2.007129907608032, 120, 0.0, 0, 0, ''),
((@CGUID+1212)+059, 16356, 0, 1, 1, -7593.18994140625, -2637.25, 134.7259979248047, 4.031710147857666, 120, 0.0, 0, 0, ''),
((@CGUID+1212)+060, 16356, 0, 1, 1, -7617.490234375, -2618.510009765625, 132.38800048828125, 5.5326900482177725, 120, 0.0, 0, 0, ''),
((@CGUID+1212)+061, 16356, 0, 1, 1, -7619.33984375, -2632.739990234375, 132.44200134277344, 2.809969902038574, 120, 0.0, 0, 0, ''),
((@CGUID+1212)+062, 16356, 0, 1, 1, -7714.18017578125, -2242.010009765625, 138.91700744628906, 1.099560022354126, 120, 0.0, 0, 0, ''),
((@CGUID+1212)+063, 16356, 0, 1, 1, -7716.080078125, -2231.6298828125, 136.7429962158203, 2.2340199947357178, 120, 0.0, 0, 0, ''),
((@CGUID+1212)+064, 16356, 0, 1, 1, -7720.22021484375, -2210.860107421875, 133.52200317382812, 4.468039989471436, 120, 0.0, 0, 0, ''),
((@CGUID+1212)+065, 16356, 0, 1, 1, -7720.990234375, -2198.35009765625, 133.52200317382812, 4.206250190734863, 120, 0.0, 0, 0, ''),
((@CGUID+1212)+066, 16356, 0, 1, 1, -7722.56982421875, -2222.68994140625, 134.5659942626953, 4.049170017242432, 120, 0.0, 0, 0, ''),
((@CGUID+1212)+067, 16356, 0, 1, 1, -7724.870117187501, -2251.590087890625, 138.60400390625, 5.4977898597717285, 120, 0.0, 0, 0, ''),
((@CGUID+1212)+068, 16356, 0, 1, 1, -7726.669921875, -2240.580078125, 137.08599853515625, 2.007129907608032, 120, 0.0, 0, 0, ''),
((@CGUID+1212)+069, 16356, 0, 1, 1, -7726.85986328125, -2266.75, 139.25999450683594, 3.141590118408203, 120, 0.0, 0, 0, ''),
((@CGUID+1212)+070, 16356, 0, 1, 1, -7713.89013671875, -2254.800048828125, 140.41700744628906, 4.031710147857666, 120, 0.0, 0, 0, ''),
((@CGUID+1212)+071, 16356, 0, 1, 1, -7710.200195312499, -2220.97998046875, 135.43499755859375, 1.85004997253418, 120, 0.0, 0, 0, ''),
((@CGUID+1212)+072, 16356, 0, 1, 1, -7623.709960937501, -2594.93994140625, 132.2429962158203, 4.049170017242432, 120, 0.0, 0, 0, ''),
((@CGUID+1212)+073, 16356, 0, 1, 1, -7626.990234375, -2580.780029296875, 132.12600708007812, 0.2268929928541183, 120, 0.0, 0, 0, ''),
((@CGUID+1212)+074, 16356, 0, 1, 1, -7627.43017578125, -2608.989990234375, 132.80099487304688, 1.9547699689865112, 120, 0.0, 0, 0, ''),
((@CGUID+1212)+075, 16356, 0, 1, 1, -7628.490234375, -2566.81005859375, 133.16700744628906, 4.468039989471436, 120, 0.0, 0, 0, ''),
((@CGUID+1212)+076, 16356, 0, 1, 1, -7637.5, -2596.85009765625, 133.65899658203125, 5.811950206756592, 120, 0.0, 0, 0, ''),
((@CGUID+1212)+077, 16356, 0, 1, 1, -7639.89990234375, -2581.159912109375, 133.68699645996094, 4.066619873046875, 120, 0.0, 0, 0, ''),
((@CGUID+1212)+078, 16356, 0, 1, 1, -7640.81005859375, -2611.35009765625, 134.2949981689453, 4.206250190734863, 120, 0.0, 0, 0, ''),
((@CGUID+1212)+079, 16356, 0, 1, 1, -7703.330078125, -2233.25, 138.69500732421875, 3.0368399620056152, 120, 0.0, 0, 0, ''),
((@CGUID+1212)+080, 16356, 0, 1, 1, -7573.040039062499, -2570.580078125, 135.3730010986328, 3.0368399620056152, 120, 0.0, 0, 0, ''),
((@CGUID+1212)+081, 16356, 0, 1, 1, -8002.209960937501, -959.9819946289062, 128.74200439453125, 5.4977898597717285, 120, 0.0, 0, 0, ''),
((@CGUID+1212)+082, 16356, 0, 1, 1, -8434.58984375, -1251.75, 212.88699340820312, 3.141590118408203, 120, 0.0, 0, 0, ''),
((@CGUID+1212)+083, 16356, 0, 1, 1, -8385.5, -1216.2099609375, 188.25500488281247, 4.468039989471436, 120, 0.0, 0, 0, ''),
((@CGUID+1212)+084, 16356, 0, 1, 1, -8387.6201171875, -972.7280273437501, 190.47999572753903, 4.049170017242432, 120, 0.0, 0, 0, ''),
((@CGUID+1212)+085, 16356, 0, 1, 1, -8387.8095703125, -1228.6600341796875, 190.96099853515625, 5.5326900482177725, 120, 0.0, 0, 0, ''),
((@CGUID+1212)+086, 16356, 0, 1, 1, -8388.01953125, -984.8790283203123, 188.3209991455078, 6.24828004837036, 120, 0.0, 0, 0, ''),
((@CGUID+1212)+087, 16356, 0, 1, 1, -8389.58984375, -1238.510009765625, 196.4600067138672, 4.049170017242432, 120, 0.0, 0, 0, ''),
((@CGUID+1212)+088, 16356, 0, 1, 1, -8393.7197265625, -1254.6800537109375, 206.6499938964844, 4.049170017242432, 120, 0.0, 0, 0, ''),
((@CGUID+1212)+089, 16356, 0, 1, 1, -8393.83984375, -1264.77001953125, 210.89900207519528, 5.4977898597717285, 120, 0.0, 0, 0, ''),
((@CGUID+1212)+090, 16356, 0, 1, 1, -8397.75, -960.1929931640624, 197.6080017089844, 5.4977898597717285, 120, 0.0, 0, 0, ''),
((@CGUID+1212)+091, 16356, 0, 1, 1, -8385.349609375, -959.9030151367188, 194.9770050048828, 4.049170017242432, 120, 0.0, 0, 0, ''),
((@CGUID+1212)+092, 16356, 0, 1, 1, -8384.740234375, -1274.9300537109375, 211.91999816894528, 4.066619873046875, 120, 0.0, 0, 0, ''),
((@CGUID+1212)+093, 16356, 0, 1, 1, -8374.2197265625, -1288.5, 214.24400329589844, 4.031710147857666, 120, 0.0, 0, 0, ''),
((@CGUID+1212)+094, 16356, 0, 1, 1, -8374.3095703125, -974.6510009765624, 188.3249969482422, 5.201079845428467, 120, 0.0, 0, 0, ''),
((@CGUID+1212)+095, 16356, 0, 1, 1, -8376.080078125, -989.427001953125, 187.28700256347656, 0.5061450004577637, 120, 0.0, 0, 0, ''),
((@CGUID+1212)+096, 16356, 0, 1, 1, -8376.2998046875, -1242.3599853515625, 194.9579925537109, 1.9547699689865112, 120, 0.0, 0, 0, ''),
((@CGUID+1212)+097, 16356, 0, 1, 1, -8379.599609375, -949.7349853515624, 198.21600341796875, 2.2340199947357178, 120, 0.0, 0, 0, ''),
((@CGUID+1212)+098, 16356, 0, 1, 1, -8381.099609375, -1261.6400146484375, 204.69400024414065, 1.099560022354126, 120, 0.0, 0, 0, ''),
((@CGUID+1212)+099, 16356, 0, 1, 1, -8383.2802734375, -939.7139892578125, 203.697998046875, 0.2268929928541183, 120, 0.0, 0, 0, ''),
((@CGUID+1212)+100, 16356, 0, 1, 1, -8383.6796875, -1250.239990234375, 200.656005859375, 2.2340199947357178, 120, 0.0, 0, 0, ''),
((@CGUID+1212)+101, 16356, 0, 1, 1, -8398.0302734375, -1215.75, 189.5709991455078, 1.85004997253418, 120, 0.0, 0, 0, ''),
((@CGUID+1212)+102, 16356, 0, 1, 1, -8398.099609375, -945.5709838867188, 204.35400390625, 4.066619873046875, 120, 0.0, 0, 0, ''),
((@CGUID+1212)+103, 16356, 0, 1, 1, -8411.9697265625, -1259.6700439453125, 212.5829925537109, 3.26377010345459, 120, 0.0, 0, 0, ''),
((@CGUID+1212)+104, 16356, 0, 1, 1, -8412.830078125, -1223.0999755859375, 192.7779998779297, 1.8849500417709353, 120, 0.0, 0, 0, ''),
((@CGUID+1212)+105, 16356, 0, 1, 1, -8416.66015625, -1268.469970703125, 217.22300720214844, 2.809969902038574, 120, 0.0, 0, 0, ''),
((@CGUID+1212)+106, 16356, 0, 1, 1, -8417.08984375, -1242.56005859375, 202.79800415039065, 5.6374101638793945, 120, 0.0, 0, 0, ''),
((@CGUID+1212)+107, 16356, 0, 1, 1, -8417.7802734375, -982.6649780273439, 193.69299316406247, 3.141590118408203, 120, 0.0, 0, 0, ''),
((@CGUID+1212)+108, 16356, 0, 1, 1, -8420.8203125, -1250.9300537109375, 208.6100006103516, 6.24828004837036, 120, 0.0, 0, 0, ''),
((@CGUID+1212)+109, 16356, 0, 1, 1, -8422.150390625, -1230.219970703125, 201.93499755859372, 0.5061450004577637, 120, 0.0, 0, 0, ''),
((@CGUID+1212)+110, 16356, 0, 1, 1, -8430.6904296875, -1236.9200439453125, 209.00500488281247, 0.2268929928541183, 120, 0.0, 0, 0, ''),
((@CGUID+1212)+111, 16356, 0, 1, 1, -8411.009765625, -966.8800048828125, 197.59500122070312, 4.206250190734863, 120, 0.0, 0, 0, ''),
((@CGUID+1212)+112, 16356, 0, 1, 1, -8410.349609375, -950.9370117187501, 204.72900390625, 3.0368399620056152, 120, 0.0, 0, 0, ''),
((@CGUID+1212)+113, 16356, 0, 1, 1, -8399.7197265625, -1231.3499755859375, 194.75300598144528, 5.201079845428467, 120, 0.0, 0, 0, ''),
((@CGUID+1212)+114, 16356, 0, 1, 1, -8401.4404296875, -974.9760131835938, 192.5890045166016, 3.26377010345459, 120, 0.0, 0, 0, ''),
((@CGUID+1212)+115, 16356, 0, 1, 1, -8402.33984375, -1258.1300048828125, 210.16999816894528, 2.007129907608032, 120, 0.0, 0, 0, ''),
((@CGUID+1212)+116, 16356, 0, 1, 1, -8403.6201171875, -990.6199951171875, 189.16799926757807, 2.809969902038574, 120, 0.0, 0, 0, ''),
((@CGUID+1212)+117, 16356, 0, 1, 1, -8405.25, -1270.550048828125, 215.19200134277344, 5.811950206756592, 120, 0.0, 0, 0, ''),
((@CGUID+1212)+118, 16356, 0, 1, 1, -8406.5302734375, -1011.1799926757812, 187.61999511718753, 4.031710147857666, 120, 0.0, 0, 0, ''),
((@CGUID+1212)+119, 16356, 0, 1, 1, -8408.3701171875, -1251.06005859375, 206.72599792480472, 0.7155849933624268, 120, 0.0, 0, 0, ''),
((@CGUID+1212)+120, 16356, 0, 1, 1, -8410.0595703125, -1236.699951171875, 198.68499755859372, 1.8674999475479128, 120, 0.0, 0, 0, ''),
((@CGUID+1212)+121, 16356, 0, 1, 1, -8372.7099609375, -1228.52001953125, 191.55900573730472, 1.3788100481033323, 120, 0.0, 0, 0, ''),
((@CGUID+1212)+122, 16356, 0, 1, 1, -8371.1396484375, -940.5989990234376, 200.46600341796875, 1.099560022354126, 120, 0.0, 0, 0, ''),
((@CGUID+1212)+123, 16356, 0, 1, 1, -8008.240234375, -2411.3798828125, 124.14199829101562, 1.8849500417709353, 120, 0.0, 0, 0, ''),
((@CGUID+1212)+124, 16356, 0, 1, 1, -8021.97021484375, -2447.22998046875, 128.72799682617188, 3.141590118408203, 120, 0.0, 0, 0, ''),
((@CGUID+1212)+125, 16356, 0, 1, 1, -8023.47021484375, -996.5430297851561, 122.88700103759766, 1.8674999475479128, 120, 0.0, 0, 0, ''),
((@CGUID+1212)+126, 16356, 0, 1, 1, -8032.22021484375, -1009.510009765625, 122.71700286865234, 1.9547699689865112, 120, 0.0, 0, 0, ''),
((@CGUID+1212)+127, 16356, 0, 1, 1, -8033.759765625, -958.7349853515624, 131.68800354003906, 4.049170017242432, 120, 0.0, 0, 0, ''),
((@CGUID+1212)+128, 16356, 0, 1, 1, -8035.43017578125, -946.7440185546877, 134.68899536132812, 6.24828004837036, 120, 0.0, 0, 0, ''),
((@CGUID+1212)+129, 16356, 0, 1, 1, -8044.14013671875, -994.6229858398439, 129.83700561523438, 0.7155849933624268, 120, 0.0, 0, 0, ''),
((@CGUID+1212)+130, 16356, 0, 1, 1, -8044.60009765625, -1019.0499877929688, 122.71700286865234, 5.5326900482177725, 120, 0.0, 0, 0, ''),
((@CGUID+1212)+131, 16356, 0, 1, 1, -8047.009765625, -962.3250122070312, 133.98199462890625, 4.049170017242432, 120, 0.0, 0, 0, ''),
((@CGUID+1212)+132, 16356, 0, 1, 1, -8021.120117187501, -2433.449951171875, 127.16500091552734, 4.066619873046875, 120, 0.0, 0, 0, ''),
((@CGUID+1212)+133, 16356, 0, 1, 1, -8020.129882812499, -984.4290161132812, 122.7300033569336, 5.201079845428467, 120, 0.0, 0, 0, ''),
((@CGUID+1212)+134, 16356, 0, 1, 1, -8008.85986328125, -2426.77001953125, 127.947998046875, 0.5061450004577637, 120, 0.0, 0, 0, ''),
((@CGUID+1212)+135, 16356, 0, 1, 1, -8009.85009765625, -2439.800048828125, 129.72000122070312, 6.24828004837036, 120, 0.0, 0, 0, ''),
((@CGUID+1212)+136, 16356, 0, 1, 1, -8011.33984375, -2452.429931640625, 131.3090057373047, 3.26377010345459, 120, 0.0, 0, 0, ''),
((@CGUID+1212)+137, 16356, 0, 1, 1, -8016.620117187501, -950.323974609375, 132.5489959716797, 3.26377010345459, 120, 0.0, 0, 0, ''),
((@CGUID+1212)+138, 16356, 0, 1, 1, -8018.830078125, -972.9949951171875, 122.7300033569336, 5.6374101638793945, 120, 0.0, 0, 0, ''),
((@CGUID+1212)+139, 16356, 0, 1, 1, -8019.330078125, -2405.60009765625, 124.06199645996094, 4.031710147857666, 120, 0.0, 0, 0, ''),
((@CGUID+1212)+140, 16356, 0, 1, 1, -8019.43994140625, -1026.199951171875, 130.0850067138672, 4.468039989471436, 120, 0.0, 0, 0, ''),
((@CGUID+1212)+141, 16356, 0, 1, 1, -8019.58984375, -2417.85009765625, 125.19000244140624, 2.809969902038574, 120, 0.0, 0, 0, ''),
((@CGUID+1212)+142, 16356, 0, 1, 1, -8047.02978515625, -1037.1300048828125, 122.74299621582033, 4.206250190734863, 120, 0.0, 0, 0, ''),
((@CGUID+1212)+143, 16356, 0, 1, 1, -8053.540039062499, -977.3319702148439, 132.21299743652344, 2.2340199947357178, 120, 0.0, 0, 0, ''),
((@CGUID+1212)+144, 16356, 0, 1, 1, -8357.419921875, -941.7899780273439, 196.9019927978516, 1.85004997253418, 120, 0.0, 0, 0, ''),
((@CGUID+1212)+145, 16356, 0, 1, 1, -8358.7001953125, -1274.1800537109375, 212.7310028076172, 3.0368399620056152, 120, 0.0, 0, 0, ''),
((@CGUID+1212)+146, 16356, 0, 1, 1, -8359.419921875, -992.7849731445312, 185.468994140625, 1.8849500417709353, 120, 0.0, 0, 0, ''),
((@CGUID+1212)+147, 16356, 0, 1, 1, -8361.330078125, -1242.1700439453125, 191.947998046875, 4.206250190734863, 120, 0.0, 0, 0, ''),
((@CGUID+1212)+148, 16356, 0, 1, 1, -8362.6396484375, -977.0570068359376, 187.05799865722656, 5.6374101638793945, 120, 0.0, 0, 0, ''),
((@CGUID+1212)+149, 16356, 0, 1, 1, -8366.6796875, -950.8770141601561, 194.8000030517578, 2.007129907608032, 120, 0.0, 0, 0, ''),
((@CGUID+1212)+150, 16356, 0, 1, 1, -8369.1904296875, -1256.530029296875, 197.90499877929688, 4.468039989471436, 120, 0.0, 0, 0, ''),
((@CGUID+1212)+151, 16356, 0, 1, 1, -8371.0595703125, -927.9539794921875, 206.33999633789065, 5.811950206756592, 120, 0.0, 0, 0, ''),
((@CGUID+1212)+152, 16356, 0, 1, 1, -8356.599609375, -966.8060302734376, 188.38299560546875, 1.8674999475479128, 120, 0.0, 0, 0, ''),
((@CGUID+1212)+153, 16356, 0, 1, 1, -8354.759765625, -925.6229858398439, 207.73199462890625, 4.468039989471436, 120, 0.0, 0, 0, ''),
((@CGUID+1212)+154, 16356, 0, 1, 1, -8350.8798828125, -954.8679809570312, 191.1540069580078, 0.7155849933624268, 120, 0.0, 0, 0, ''),
((@CGUID+1212)+155, 16356, 0, 1, 1, -8058.0, -1007.02001953125, 130.82400512695312, 1.8849500417709353, 120, 0.0, 0, 0, ''),
((@CGUID+1212)+156, 16356, 0, 1, 1, -8058.14013671875, -994.3599853515624, 131.3769989013672, 2.007129907608032, 120, 0.0, 0, 0, ''),
((@CGUID+1212)+157, 16356, 0, 1, 1, -8070.64013671875, -997.1740112304688, 132.95799255371094, 0.5061450004577637, 120, 0.0, 0, 0, ''),
((@CGUID+1212)+158, 16356, 0, 1, 1, -8078.879882812499, -1017.77001953125, 132.302001953125, 1.3788100481033323, 120, 0.0, 0, 0, ''),
((@CGUID+1212)+159, 16356, 0, 1, 1, -8333.759765625, -976.666015625, 184.3520050048828, 1.3788100481033323, 120, 0.0, 0, 0, ''),
((@CGUID+1212)+160, 16356, 0, 1, 1, -8340.740234375, -963.8519897460938, 188.28700256347656, 5.5326900482177725, 120, 0.0, 0, 0, ''),
((@CGUID+1212)+161, 16356, 0, 1, 1, -8347.1298828125, -990.7999877929688, 183.7779998779297, 4.468039989471436, 120, 0.0, 0, 0, ''),
((@CGUID+1212)+162, 16356, 0, 1, 1, -8349.1201171875, -977.7290039062499, 185.5279998779297, 1.9547699689865112, 120, 0.0, 0, 0, ''),
((@CGUID+1212)+163, 16386, 0, 1, 1, -7647.040039062499, -2547.52001953125, 151.0489959716797, 2.6005399227142334, 120, 0.0, 0, 0, ''),
((@CGUID+1212)+164, 16386, 0, 1, 1, -7733.56982421875, -2299.610107421875, 157.63999938964844, 2.6005399227142334, 120, 0.0, 0, 0, ''),
((@CGUID+1212)+165, 16386, 0, 1, 1, -7899.5, -2433.14990234375, 153.73399353027344, 2.6005399227142334, 120, 0.0, 0, 0, ''),
((@CGUID+1212)+166, 16386, 0, 1, 1, -8100.709960937501, -1033.6600341796875, 158.13099670410156, 2.6005399227142334, 120, 0.0, 0, 0, ''),
((@CGUID+1212)+167, 16386, 0, 1, 1, -8320.9697265625, -1001.0900268554688, 193.75799560546875, 2.6005399227142334, 120, 0.0, 0, 0, ''),
((@CGUID+1212)+168, 16386, 0, 1, 1, -8333.1396484375, -1217.1300048828125, 197.56399536132807, 2.6005399227142334, 120, 0.0, 0, 0, ''),
((@CGUID+1212)+169, 16398, 0, 1, 1, -7693.200195312499, -2489.52001953125, 187.51199340820312, 4.10152006149292, 27000, 0.0, 0, 0, ''),
((@CGUID+1212)+170, 16398, 0, 1, 1, -7733.700195312499, -2366.280029296875, 173.0290069580078, 4.10152006149292, 27000, 0.0, 0, 0, ''),
((@CGUID+1212)+171, 16398, 0, 1, 1, -7816.47998046875, -2433.530029296875, 177.4149932861328, 4.10152006149292, 27000, 0.0, 0, 0, ''),
((@CGUID+1212)+172, 16398, 0, 1, 1, -8177.040039062499, -1073.4100341796875, 180.32000732421875, 4.10152006149292, 27000, 0.0, 0, 0, ''),
((@CGUID+1212)+173, 16398, 0, 1, 1, -8266.16015625, -1067.219970703125, 193.6660003662109, 4.10152006149292, 27000, 0.0, 0, 0, ''),
((@CGUID+1212)+174, 16398, 0, 1, 1, -8267.1904296875, -1166.550048828125, 195.59899902343753, 4.10152006149292, 27000, 0.0, 0, 0, ''),
((@CGUID+1212)+175, 16401, 0, 1, 1, -8232.7802734375, -1099.8599853515625, 201.57200622558597, 5.183629989624023, 120, 0.0, 0, 0, ''),
((@CGUID+1212)+176, 16401, 0, 1, 1, -7733.709960937501, -2432.739990234375, 190.86900329589844, 2.6703500747680664, 120, 0.0, 0, 0, ''),
((@CGUID+1212)+177, 16421, 0, 1, 1, -8232.7802734375, -1099.8599853515625, 201.57200622558597, 5.183629989624023, 120, 0.0, 0, 0, ''),
((@CGUID+1212)+178, 16421, 0, 1, 1, -7733.709960937501, -2432.739990234375, 190.86900329589844, 2.6703500747680664, 120, 0.0, 0, 0, '');
DELETE FROM `game_event_creature` WHERE `eventEntry` = @scourge_burning_steppes AND `guid` BETWEEN (@CGUID+1212) AND (@CGUID+1212) + 178;
INSERT INTO `game_event_creature` (`eventEntry`, `guid`) VALUES
(@scourge_burning_steppes, (@CGUID+1212)+000),
(@scourge_burning_steppes, (@CGUID+1212)+001),
(@scourge_burning_steppes, (@CGUID+1212)+002),
(@scourge_burning_steppes, (@CGUID+1212)+003),
(@scourge_burning_steppes, (@CGUID+1212)+004),
(@scourge_burning_steppes, (@CGUID+1212)+005),
(@scourge_burning_steppes, (@CGUID+1212)+006),
(@scourge_burning_steppes, (@CGUID+1212)+007),
(@scourge_burning_steppes, (@CGUID+1212)+008),
(@scourge_burning_steppes, (@CGUID+1212)+009),
(@scourge_burning_steppes, (@CGUID+1212)+010),
(@scourge_burning_steppes, (@CGUID+1212)+011),
(@scourge_burning_steppes, (@CGUID+1212)+012),
(@scourge_burning_steppes, (@CGUID+1212)+013),
(@scourge_burning_steppes, (@CGUID+1212)+014),
(@scourge_burning_steppes, (@CGUID+1212)+015),
(@scourge_burning_steppes, (@CGUID+1212)+016),
(@scourge_burning_steppes, (@CGUID+1212)+017),
(@scourge_burning_steppes, (@CGUID+1212)+018),
(@scourge_burning_steppes, (@CGUID+1212)+019),
(@scourge_burning_steppes, (@CGUID+1212)+020),
(@scourge_burning_steppes, (@CGUID+1212)+021),
(@scourge_burning_steppes, (@CGUID+1212)+022),
(@scourge_burning_steppes, (@CGUID+1212)+023),
(@scourge_burning_steppes, (@CGUID+1212)+024),
(@scourge_burning_steppes, (@CGUID+1212)+025),
(@scourge_burning_steppes, (@CGUID+1212)+026),
(@scourge_burning_steppes, (@CGUID+1212)+027),
(@scourge_burning_steppes, (@CGUID+1212)+028),
(@scourge_burning_steppes, (@CGUID+1212)+029),
(@scourge_burning_steppes, (@CGUID+1212)+030),
(@scourge_burning_steppes, (@CGUID+1212)+031),
(@scourge_burning_steppes, (@CGUID+1212)+032),
(@scourge_burning_steppes, (@CGUID+1212)+033),
(@scourge_burning_steppes, (@CGUID+1212)+034),
(@scourge_burning_steppes, (@CGUID+1212)+035),
(@scourge_burning_steppes, (@CGUID+1212)+036),
(@scourge_burning_steppes, (@CGUID+1212)+037),
(@scourge_burning_steppes, (@CGUID+1212)+038),
(@scourge_burning_steppes, (@CGUID+1212)+039),
(@scourge_burning_steppes, (@CGUID+1212)+040),
(@scourge_burning_steppes, (@CGUID+1212)+041),
(@scourge_burning_steppes, (@CGUID+1212)+042),
(@scourge_burning_steppes, (@CGUID+1212)+043),
(@scourge_burning_steppes, (@CGUID+1212)+044),
(@scourge_burning_steppes, (@CGUID+1212)+045),
(@scourge_burning_steppes, (@CGUID+1212)+046),
(@scourge_burning_steppes, (@CGUID+1212)+047),
(@scourge_burning_steppes, (@CGUID+1212)+048),
(@scourge_burning_steppes, (@CGUID+1212)+049),
(@scourge_burning_steppes, (@CGUID+1212)+050),
(@scourge_burning_steppes, (@CGUID+1212)+051),
(@scourge_burning_steppes, (@CGUID+1212)+052),
(@scourge_burning_steppes, (@CGUID+1212)+053),
(@scourge_burning_steppes, (@CGUID+1212)+054),
(@scourge_burning_steppes, (@CGUID+1212)+055),
(@scourge_burning_steppes, (@CGUID+1212)+056),
(@scourge_burning_steppes, (@CGUID+1212)+057),
(@scourge_burning_steppes, (@CGUID+1212)+058),
(@scourge_burning_steppes, (@CGUID+1212)+059),
(@scourge_burning_steppes, (@CGUID+1212)+060),
(@scourge_burning_steppes, (@CGUID+1212)+061),
(@scourge_burning_steppes, (@CGUID+1212)+062),
(@scourge_burning_steppes, (@CGUID+1212)+063),
(@scourge_burning_steppes, (@CGUID+1212)+064),
(@scourge_burning_steppes, (@CGUID+1212)+065),
(@scourge_burning_steppes, (@CGUID+1212)+066),
(@scourge_burning_steppes, (@CGUID+1212)+067),
(@scourge_burning_steppes, (@CGUID+1212)+068),
(@scourge_burning_steppes, (@CGUID+1212)+069),
(@scourge_burning_steppes, (@CGUID+1212)+070),
(@scourge_burning_steppes, (@CGUID+1212)+071),
(@scourge_burning_steppes, (@CGUID+1212)+072),
(@scourge_burning_steppes, (@CGUID+1212)+073),
(@scourge_burning_steppes, (@CGUID+1212)+074),
(@scourge_burning_steppes, (@CGUID+1212)+075),
(@scourge_burning_steppes, (@CGUID+1212)+076),
(@scourge_burning_steppes, (@CGUID+1212)+077),
(@scourge_burning_steppes, (@CGUID+1212)+078),
(@scourge_burning_steppes, (@CGUID+1212)+079),
(@scourge_burning_steppes, (@CGUID+1212)+080),
(@scourge_burning_steppes, (@CGUID+1212)+081),
(@scourge_burning_steppes, (@CGUID+1212)+082),
(@scourge_burning_steppes, (@CGUID+1212)+083),
(@scourge_burning_steppes, (@CGUID+1212)+084),
(@scourge_burning_steppes, (@CGUID+1212)+085),
(@scourge_burning_steppes, (@CGUID+1212)+086),
(@scourge_burning_steppes, (@CGUID+1212)+087),
(@scourge_burning_steppes, (@CGUID+1212)+088),
(@scourge_burning_steppes, (@CGUID+1212)+089),
(@scourge_burning_steppes, (@CGUID+1212)+090),
(@scourge_burning_steppes, (@CGUID+1212)+091),
(@scourge_burning_steppes, (@CGUID+1212)+092),
(@scourge_burning_steppes, (@CGUID+1212)+093),
(@scourge_burning_steppes, (@CGUID+1212)+094),
(@scourge_burning_steppes, (@CGUID+1212)+095),
(@scourge_burning_steppes, (@CGUID+1212)+096),
(@scourge_burning_steppes, (@CGUID+1212)+097),
(@scourge_burning_steppes, (@CGUID+1212)+098),
(@scourge_burning_steppes, (@CGUID+1212)+099),
(@scourge_burning_steppes, (@CGUID+1212)+100),
(@scourge_burning_steppes, (@CGUID+1212)+101),
(@scourge_burning_steppes, (@CGUID+1212)+102),
(@scourge_burning_steppes, (@CGUID+1212)+103),
(@scourge_burning_steppes, (@CGUID+1212)+104),
(@scourge_burning_steppes, (@CGUID+1212)+105),
(@scourge_burning_steppes, (@CGUID+1212)+106),
(@scourge_burning_steppes, (@CGUID+1212)+107),
(@scourge_burning_steppes, (@CGUID+1212)+108),
(@scourge_burning_steppes, (@CGUID+1212)+109),
(@scourge_burning_steppes, (@CGUID+1212)+110),
(@scourge_burning_steppes, (@CGUID+1212)+111),
(@scourge_burning_steppes, (@CGUID+1212)+112),
(@scourge_burning_steppes, (@CGUID+1212)+113),
(@scourge_burning_steppes, (@CGUID+1212)+114),
(@scourge_burning_steppes, (@CGUID+1212)+115),
(@scourge_burning_steppes, (@CGUID+1212)+116),
(@scourge_burning_steppes, (@CGUID+1212)+117),
(@scourge_burning_steppes, (@CGUID+1212)+118),
(@scourge_burning_steppes, (@CGUID+1212)+119),
(@scourge_burning_steppes, (@CGUID+1212)+120),
(@scourge_burning_steppes, (@CGUID+1212)+121),
(@scourge_burning_steppes, (@CGUID+1212)+122),
(@scourge_burning_steppes, (@CGUID+1212)+123),
(@scourge_burning_steppes, (@CGUID+1212)+124),
(@scourge_burning_steppes, (@CGUID+1212)+125),
(@scourge_burning_steppes, (@CGUID+1212)+126),
(@scourge_burning_steppes, (@CGUID+1212)+127),
(@scourge_burning_steppes, (@CGUID+1212)+128),
(@scourge_burning_steppes, (@CGUID+1212)+129),
(@scourge_burning_steppes, (@CGUID+1212)+130),
(@scourge_burning_steppes, (@CGUID+1212)+131),
(@scourge_burning_steppes, (@CGUID+1212)+132),
(@scourge_burning_steppes, (@CGUID+1212)+133),
(@scourge_burning_steppes, (@CGUID+1212)+134),
(@scourge_burning_steppes, (@CGUID+1212)+135),
(@scourge_burning_steppes, (@CGUID+1212)+136),
(@scourge_burning_steppes, (@CGUID+1212)+137),
(@scourge_burning_steppes, (@CGUID+1212)+138),
(@scourge_burning_steppes, (@CGUID+1212)+139),
(@scourge_burning_steppes, (@CGUID+1212)+140),
(@scourge_burning_steppes, (@CGUID+1212)+141),
(@scourge_burning_steppes, (@CGUID+1212)+142),
(@scourge_burning_steppes, (@CGUID+1212)+143),
(@scourge_burning_steppes, (@CGUID+1212)+144),
(@scourge_burning_steppes, (@CGUID+1212)+145),
(@scourge_burning_steppes, (@CGUID+1212)+146),
(@scourge_burning_steppes, (@CGUID+1212)+147),
(@scourge_burning_steppes, (@CGUID+1212)+148),
(@scourge_burning_steppes, (@CGUID+1212)+149),
(@scourge_burning_steppes, (@CGUID+1212)+150),
(@scourge_burning_steppes, (@CGUID+1212)+151),
(@scourge_burning_steppes, (@CGUID+1212)+152),
(@scourge_burning_steppes, (@CGUID+1212)+153),
(@scourge_burning_steppes, (@CGUID+1212)+154),
(@scourge_burning_steppes, (@CGUID+1212)+155),
(@scourge_burning_steppes, (@CGUID+1212)+156),
(@scourge_burning_steppes, (@CGUID+1212)+157),
(@scourge_burning_steppes, (@CGUID+1212)+158),
(@scourge_burning_steppes, (@CGUID+1212)+159),
(@scourge_burning_steppes, (@CGUID+1212)+160),
(@scourge_burning_steppes, (@CGUID+1212)+161),
(@scourge_burning_steppes, (@CGUID+1212)+162),
(@scourge_burning_steppes, (@CGUID+1212)+163),
(@scourge_burning_steppes, (@CGUID+1212)+164),
(@scourge_burning_steppes, (@CGUID+1212)+165),
(@scourge_burning_steppes, (@CGUID+1212)+166),
(@scourge_burning_steppes, (@CGUID+1212)+167),
(@scourge_burning_steppes, (@CGUID+1212)+168),
(@scourge_burning_steppes, (@CGUID+1212)+169),
(@scourge_burning_steppes, (@CGUID+1212)+170),
(@scourge_burning_steppes, (@CGUID+1212)+171),
(@scourge_burning_steppes, (@CGUID+1212)+172),
(@scourge_burning_steppes, (@CGUID+1212)+173),
(@scourge_burning_steppes, (@CGUID+1212)+174),
(@scourge_burning_steppes, (@CGUID+1212)+175),
(@scourge_burning_steppes, (@CGUID+1212)+176),
(@scourge_burning_steppes, (@CGUID+1212)+177),
(@scourge_burning_steppes, (@CGUID+1212)+178);

-- Lord Blackwood - Scholomance waypoints
DELETE FROM `waypoint_data` WHERE `id` = @LORD_BLACKWOOD_ENTRY*10 and `point` BETWEEN 1 AND 17;
INSERT INTO `waypoint_data` (`id`, `point`, `position_x`, `position_y`, `position_z`, `orientation`, `delay`, `move_type`) VALUES
(@LORD_BLACKWOOD_ENTRY*10, 1, 248.659, 153.031, 109.788, 100.0, 0, 0),
(@LORD_BLACKWOOD_ENTRY*10, 2, 200.116, 150.961, 109.909, 100.0, 0, 0),
(@LORD_BLACKWOOD_ENTRY*10, 3, 199.948, 127.819, 109.922, 100.0, 0, 0),
(@LORD_BLACKWOOD_ENTRY*10, 4, 200.223, 151.043, 109.91, 100.0, 0, 0),
(@LORD_BLACKWOOD_ENTRY*10, 5, 174.822, 152.469, 109.696, 100.0, 0, 0),
(@LORD_BLACKWOOD_ENTRY*10, 6, 199.917, 151.078, 109.908, 100.0, 0, 0),
(@LORD_BLACKWOOD_ENTRY*10, 7, 224.709, 133.206, 109.722, 100.0, 0, 0),
(@LORD_BLACKWOOD_ENTRY*10, 8, 200.7, 151.368, 109.915, 100.0, 0, 0),
(@LORD_BLACKWOOD_ENTRY*10, 9, 222.267, 166.311, 109.784, 100.0, 0, 0),
(@LORD_BLACKWOOD_ENTRY*10, 10, 222.267, 166.311, 109.784, 100.0, 0, 0),
(@LORD_BLACKWOOD_ENTRY*10, 11, 200.7, 151.368, 109.915, 100.0, 0, 0),
(@LORD_BLACKWOOD_ENTRY*10, 12, 224.709, 133.206, 109.722, 100.0, 0, 0),
(@LORD_BLACKWOOD_ENTRY*10, 13, 199.917, 151.078, 109.908, 100.0, 0, 0),
(@LORD_BLACKWOOD_ENTRY*10, 14, 174.822, 152.469, 109.696, 100.0, 0, 0),
(@LORD_BLACKWOOD_ENTRY*10, 15, 200.223, 151.043, 109.91, 100.0, 0, 0),
(@LORD_BLACKWOOD_ENTRY*10, 16, 199.948, 127.819, 109.922, 100.0, 0, 0),
(@LORD_BLACKWOOD_ENTRY*10, 17, 200.116, 150.961, 109.909, 100.0, 0, 0);
DELETE FROM `creature_template_addon` WHERE (`entry` = @LORD_BLACKWOOD_ENTRY);
INSERT INTO `creature_template_addon` (`entry`, `path_id`, `mount`, `bytes1`, `bytes2`, `emote`, `visibilityDistanceType`, `auras`) VALUES
(@LORD_BLACKWOOD_ENTRY, @LORD_BLACKWOOD_ENTRY*10, 0, 0, 0, 0, 0, '');

UPDATE `creature_template` SET `ScriptName` = 'npc_pallid_horror' WHERE (`entry` IN (16382, 16394));
UPDATE `creature_template` SET `ScriptName` = 'scourge_invasion_minion' WHERE (`entry` IN (16143, 16383));
UPDATE `creature_template` SET `ScriptName` = 'scourge_invasion_minion_spawner' WHERE (`entry` IN (16306, 16336, 16338));
UPDATE `creature_template` SET `ScriptName` = 'scourge_invasion_mouth' WHERE (`entry` = 16995);
UPDATE `creature_template` SET `ScriptName` = 'scourge_invasion_necropolis' WHERE (`entry` = 16401);
UPDATE `creature_template` SET `ScriptName` = 'scourge_invasion_necropolis_health' WHERE (`entry` = 16421);
UPDATE `creature_template_addon` SET `visibilityDistanceType` = 5 WHERE (`entry` = 16421); -- 3 -> infinite (3000.0f)
UPDATE `creature_template` SET `ScriptName` = 'scourge_invasion_necropolis_proxy' WHERE (`entry` = 16398);
UPDATE `creature_template` SET `ScriptName` = 'scourge_invasion_necropolis_relay' WHERE (`entry` = 16386);
UPDATE `creature_template` SET `ScriptName` = 'scourge_invasion_necrotic_shard' WHERE (`entry` IN (16136, 16172));
UPDATE `creature_template` SET `ScriptName` = 'scourge_invasion_cultist_engineer' WHERE (`entry` = 16230);

UPDATE `gameobject_template` SET `ScriptName` = 'scourge_invasion_go_circle' WHERE (`entry` = 181136);
UPDATE `gameobject_template` SET `ScriptName` = 'scourge_invasion_go_necropolis' WHERE (`entry` IN (181154, 181215, 181223, 181374, 181373));

DELETE FROM `conditions` WHERE (`SourceTypeOrReferenceId` = 13) AND (`SourceEntry` IN (28326, 28365, 28366, 28367, 28373, 28281, 28364, 28032, 28078)) AND (`SourceId` = 0) AND (`ConditionTypeOrReference` = 31) AND (`ConditionTarget` = 0) AND (`ConditionValue1` IN (3, 5)) AND (`ConditionValue2` IN (16136, 16172, 16398, 16386, 16401, 181154, 181215, 181223, 181373, 181374, 181154, 181215, 181223, 181373, 181374, 16398, 16398, 16386, 16386, 1756, 13839, 16136, 16172)) AND (`ConditionValue3` = 0);
INSERT INTO `conditions` (`SourceTypeOrReferenceId`, `SourceGroup`, `SourceEntry`, `SourceId`, `ElseGroup`, `ConditionTypeOrReference`, `ConditionTarget`, `ConditionValue1`, `ConditionValue2`, `ConditionValue3`, `NegativeCondition`, `ErrorType`, `ErrorTextId`, `ScriptName`, `Comment`) VALUES
(13, 1, 28326, 0, 0, 31, 0, 3, 16136, 0, 0, 0, 0, '', 'target must be unit Necrotic Shard'),
(13, 1, 28326, 0, 1, 31, 0, 3, 16172, 0, 0, 0, 0, '', 'target must be unit Damaged Necrotic Shard'),
(13, 1, 28365, 0, 0, 31, 0, 3, 16398, 0, 0, 0, 0, '', 'target must be unit Necropolis Proxy'),
(13, 1, 28366, 0, 0, 31, 0, 3, 16386, 0, 0, 0, 0, '', 'target must be unit Necropolis Relay'),
(13, 1, 28367, 0, 0, 31, 0, 3, 16401, 0, 0, 0, 0, '', 'target must be unit Necropolis'),
(13, 3, 28373, 0, 0, 31, 0, 5, 181154, 0, 0, 0, 0, '', 'target must be gameobject Necropolis'),
(13, 3, 28373, 0, 1, 31, 0, 5, 181215, 0, 0, 0, 0, '', 'target must be gameobject Necropolis (scale 2.5)'),
(13, 3, 28373, 0, 2, 31, 0, 5, 181223, 0, 0, 0, 0, '', 'target must be gameobject Necropolis (scale 3.5)'),
(13, 3, 28373, 0, 3, 31, 0, 5, 181373, 0, 0, 0, 0, '', 'target must be gameobject Necropolis (scale 1.5)'),
(13, 3, 28373, 0, 4, 31, 0, 5, 181374, 0, 0, 0, 0, '', 'target must be gameobject Necropolis (scale 2.0)'),
(13, 3, 28373, 0, 5, 31, 0, 5, 181154, 0, 0, 0, 0, '', 'target must be gameobject Necropolis'),
(13, 3, 28373, 0, 6, 31, 0, 5, 181215, 0, 0, 0, 0, '', 'target must be gameobject Necropolis (scale 2.5)'),
(13, 3, 28373, 0, 7, 31, 0, 5, 181223, 0, 0, 0, 0, '', 'target must be gameobject Necropolis (scale 3.5)'),
(13, 3, 28373, 0, 8, 31, 0, 5, 181373, 0, 0, 0, 0, '', 'target must be gameobject Necropolis (scale 1.5)'),
(13, 3, 28373, 0, 9, 31, 0, 5, 181374, 0, 0, 0, 0, '', 'target must be gameobject Necropolis (scale 2.0)'),
(13, 3, 28373, 0, 0, 31, 0, 3, 16398, 0, 0, 0, 0, '', 'target must be unit Necropolis Proxy'),
(13, 3, 28373, 0, 1, 31, 0, 3, 16398, 0, 0, 0, 0, '', 'target must be unit Necropolis Proxy'),
(13, 1, 28281, 0, 0, 31, 0, 3, 16386, 0, 0, 0, 0, '', 'target must be unit Necropolis Relay'),
(13, 1, 28281, 0, 1, 31, 0, 3, 16386, 0, 0, 0, 0, '', 'target must be unit Necropolis Relay'),
(13, 1, 28364, 0, 0, 31, 0, 3, 1756, 0, 0, 0, 0, '', 'target must be unit Stormwind Royal Guard'),
(13, 1, 28364, 0, 1, 31, 0, 3, 13839, 0, 0, 0, 0, '', 'target must be unit Royal Dreadguard'),
(13, 1, 28032, 0, 0, 31, 0, 3, 16136, 0, 0, 0, 0, '', 'target must be unit Necrotic Shard'),
(13, 1, 28078, 0, 0, 31, 0, 3, 16172, 0, 0, 0, 0, '', 'target must be unit Damaged Necrotic Shard');

-- Herald
DELETE FROM `creature_text` WHERE (`CreatureID` = 16995) AND (`GroupID` IN (0, 1));
INSERT INTO `creature_text` (`CreatureID`, `GroupID`, `ID`, `Text`, `Type`, `Language`, `Probability`, `Emote`, `Duration`, `Sound`, `BroadcastTextId`, `TextRange`, `comment`) VALUES
(16995, 0, 0, 'Can you feel it, pathetic creatures? The pall over this land is but a precursor. Soon your precious holdings will be in our grasp! You will fall before the might of the Lich King!', 14, 0, 0, 0, 0, 0, 13121, 2, 'Zone Attack Start 1'),
(16995, 0, 1, 'Forward, my minions! Forward! Let none stand in our way!', 14, 0, 0, 0, 0, 0, 13125, 2, 'Zone Attack Start 2'),
(16995, 1, 0, 'You may think you have won, worms, but against the might of the Lich King there is no victory for the living! You have not seen the last of me!', 14, 0, 0, 0, 0, 0, 13165, 2, 'Zone Attack End 1'),
(16995, 1, 1, 'You dare disrupt my works here?! Take this time to prepare yourselves... when I return, there will be nothing but death and destruction in my wake!', 14, 0, 0, 0, 0, 0, 13164, 2, 'Zone Attack End 2'),
(16995, 1, 2, 'So, the frail members of the living have some teeth after all. Take this place, then, for the time being. I will return, twice as strong, and your paltry forces will fall!', 14, 0, 0, 0, 0, 0, 13163, 2, 'Zone Attack End 3');